"Product Name",Average_Profit_Margin,Average_Selling_Price,Average_Cost
"Fabrikam Refrigerator 24.7CuFt X9800 Orange",2139.77,3199.99,1060.22
"Litware Refrigerator 24.7CuFt X980 Silver",2139.77,3199.99,1060.22
"Fabrikam Refrigerator 24.7CuFt X9800 White",2139.77,3199.9899999999993,1060.2199999999998
"Litware Refrigerator L1200 Orange",2139.77,3199.99,1060.22
"Litware Refrigerator 24.7CuFt X980 Blue",2139.77,3199.9900000000002,1060.22
"Litware Refrigerator 24.7CuFt X980 Green",2139.77,3199.99,1060.22
"Litware Refrigerator 24.7CuFt X980 Brown",2139.77,3199.9900000000002,1060.22
"Fabrikam Refrigerator 24.7CuFt X9800 Brown",2139.77,3199.9900000000002,1060.22
"Fabrikam Refrigerator 24.7CuFt X9800 Grey",2139.77,3199.9899999999993,1060.2199999999998
"Litware Refrigerator 24.7CuFt X980 Grey",2139.77,3199.99,1060.22
"Fabrikam Refrigerator 24.7CuFt X9800 Green",2139.77,3199.99,1060.22
"Fabrikam Refrigerator 24.7CuFt X9800 Silver",2139.77,3199.99,1060.22
"Fabrikam Refrigerator 24.7CuFt X9800 Blue",2139.77,3199.9899999999993,1060.2199999999998
"Litware Refrigerator 24.7CuFt X980 White",2139.7699999999995,3199.99,1060.22
"Adventure Works 52" LCD HDTV X590 Silver",1939.1699999999987,2899.9900000000007,960.8199999999998
"Adventure Works 52" LCD HDTV X590 White",1939.1699999999987,2899.9900000000016,960.8199999999999
"Adventure Works 52" LCD HDTV X590 Brown",1939.1699999999987,2899.990000000001,960.8199999999999
"Adventure Works 52" LCD HDTV X590 Black",1939.1699999999985,2899.990000000002,960.8199999999998
"NT Washer & Dryer 27in L2700 Silver",1773.9400000000003,2652.9,878.96
"NT Washer & Dryer 27in L2700 White",1773.94,2652.9,878.96
"NT Washer & Dryer 27in L2700 Blue",1773.94,2652.9,878.96
"NT Washer & Dryer 27in L2700 Green",1773.9399999999998,2652.9,878.96
"Litware Washer & Dryer 27in L420 Blue",1773.3400000000001,2652,878.66
"Contoso Washer & Dryer 27in L270 White",1773.3400000000001,2652,878.6600000000001
"Litware Washer & Dryer 27in L420 Silver",1773.3400000000001,2652,878.66
"Contoso Washer & Dryer 27in L270 Green",1773.3400000000001,2652,878.66
"Litware Washer & Dryer 27in L420 Green",1773.3400000000001,2652,878.6600000000001
"Contoso Washer & Dryer 27in L270 Silver",1773.3400000000001,2652,878.66
"Contoso Washer & Dryer 27in L270 Pink",1773.3400000000001,2652,878.6600000000001
"Contoso Washer & Dryer 27in L270 Red",1773.3400000000001,2652,878.66
"Contoso Washer & Dryer 27in L270 Blue",1773.3400000000001,2652,878.66
"Litware Washer & Dryer 27in L420 White",1773.3400000000001,2652,878.66
"Proseware Projector 1080p DLP86 Silver",1671.0300000000002,2499,827.9700000000001
"Contoso Projector 1080p X981 White",1671.0300000000002,2499,827.9700000000001
"WWI Projector 1080p DLP86 White",1671.03,2499,827.9699999999999
"Contoso Projector 1080p X981 Black",1671.03,2499,827.9699999999999
"WWI Projector 1080p DLP86 Black",1671.0299999999997,2499,827.9699999999998
"WWI Projector 1080p DLP86 Silver",1671.0299999999997,2499,827.9699999999998
"Proseware Projector 1080p DLP86 White",1671.0299999999997,2499,827.9699999999998
"Contoso Projector 1080p X981 Silver",1671.0299999999997,2499,827.9699999999998
"Proseware Projector 1080p DLP86 Black",1671.0299999999993,2499,827.97
"Contoso Projector 1080p X980 Black",1534.62,2295,760.38
"WWI Projector 1080p LCD86 Silver",1534.6199999999994,2295,760.3799999999998
"Proseware Projector 1080p LCD86 White",1534.6199999999994,2295,760.3799999999997
"Contoso Projector 1080p X980 Silver",1534.6199999999994,2295,760.3799999999998
"WWI Projector 1080p LCD86 Black",1534.6199999999994,2295,760.3799999999997
"Proseware Projector 1080p LCD86 Black",1534.6199999999994,2295,760.3799999999998
"Proseware Projector 1080p LCD86 Silver",1534.6199999999994,2295,760.3799999999999
"Contoso Projector 1080p X980 White",1534.6199999999994,2295,760.3799999999997
"WWI Projector 1080p LCD86 White",1534.6199999999994,2295,760.3799999999997
"Adventure Works Coffee Maker Super-Auto 12C X125 Silver",1103.3200000000002,1650,546.68
"Fabrikam Coffee Maker Super-Auto 12C X125 Black",1103.32,1650,546.68
"Adventure Works Coffee Maker Super-Auto 12C X125 Black",1103.32,1650,546.68
"Fabrikam Coffee Maker Super-Auto 12C X125 Grey",1103.32,1650,546.68
"Contoso Coffee Maker Super-Auto 12C X1250 Silver",1103.32,1650,546.68
"Contoso Coffee Maker Super-Auto 12C X1250 White",1103.32,1650,546.6800000000001
"Adventure Works Coffee Maker Super-Auto 12C X125 Grey",1103.32,1650,546.68
"Adventure Works Coffee Maker Super-Auto 12C X125 White",1103.32,1650,546.6800000000001
"Contoso Coffee Maker Super-Auto 12C X1250 Grey",1103.32,1650,546.68
"Contoso Coffee Maker Super-Auto 12C X1250 Black",1103.32,1650,546.6800000000001
"Fabrikam Coffee Maker Super-Auto 12C X125 Silver",1103.32,1650,546.6800000000001
"Fabrikam Coffee Maker Super-Auto 12C X125 White",1103.32,1650,546.6800000000001
"Fabrikam Independent Filmmaker 1" 25mm X400 Blue",1083.2599999999998,1620,536.7399999999999
"NT Washer & Dryer 25.5in M2550 Silver",1074.8200000000002,1989.9,915.08
"NT Washer & Dryer 25.5in M2550 Green",1074.8200000000002,1989.9,915.0800000000002
"NT Washer & Dryer 25.5in M2550 White",1074.82,1989.8999999999999,915.08
"NT Washer & Dryer 25.5in M2550 Blue",1074.82,1989.9,915.08
"Contoso Washer & Dryer 25.5in M255 Pink",1074.33,1989,914.67
"Litware Washer & Dryer 25.5in M350 Green",1074.33,1989,914.6699999999998
"Contoso Washer & Dryer 25.5in M255 White",1074.33,1989,914.67
"Litware Washer & Dryer 25.5in M350 Silver",1074.33,1989,914.6699999999998
"Contoso Washer & Dryer 25.5in M255 Blue",1074.33,1989,914.67
"Litware Washer & Dryer 25.5in M350 Blue",1074.33,1989,914.67
"Contoso Washer & Dryer 25.5in M255 Green",1074.33,1989,914.67
"Litware Washer & Dryer 25.5in M350 White",1074.33,1989,914.67
"Contoso Washer & Dryer 25.5in M255 Red",1074.33,1989,914.67
"Contoso Washer & Dryer 25.5in M255 Silver",1074.33,1989,914.67
"Fabrikam Independent Filmmaker 1'' 25mm X400 Black",1069.8899999999996,1600,530.1099999999999
"Fabrikam Independent filmmaker 1'' 25mm X400 White",1069.8899999999996,1600,530.1099999999999
"Fabrikam Independent Filmmaker 1'' 25mm X400 Grey",1069.8899999999996,1600,530.1099999999999
"Adventure Works 52" LCD HDTV X790W Black",1064.6699999999992,1592.1999999999996,527.5300000000002
"Adventure Works 52" LCD HDTV X790W Silver",1064.6699999999992,1592.1999999999991,527.5300000000001
"Adventure Works 52" LCD HDTV X790W White",1064.669999999999,1592.199999999999,527.53
"Adventure Works 52" LCD HDTV X790W Brown",1064.669999999999,1592.1999999999991,527.53
"Fabrikam Independent Filmmaker 1/2'' 3mm X300 Grey",1056.51,1580,523.4899999999999
"Fabrikam Independent filmmaker 1/2'' 3mm X300 White",1056.51,1580,523.4899999999999
"Fabrikam Independent Filmmaker 1/2" 3mm X300 Orange",1056.51,1580,523.4899999999999
"Fabrikam Independent Filmmaker 1/3'' 8.5mm X200 Black",1043.1399999999996,1560,516.8599999999999
"Fabrikam Independent Filmmaker 1/3'' 8.5mm X200 Grey",1043.1399999999996,1560,516.8599999999999
"Fabrikam Independent filmmaker 1/3'' 8.5mm X200 White",1043.1399999999996,1560,516.8599999999999
"Fabrikam Independent Filmmaker 1/2'' 3mm X300 Black",1043.1399999999996,1560,516.8599999999999
"Fabrikam Independent Filmmaker 1/3" 8.5mm X200 Blue",1023.0799999999999,1530,506.91999999999996
"Fabrikam Independent Filmmaker 2/3" 17mm X100 Blue",1016.39,1520,503.61
"Fabrikam Independent Filmmaker 2/3'' 17mm X100 Grey",1016.3899999999999,1520,503.60999999999996
"Fabrikam Independent filmmaker 2/3'' 17mm X100 White",1016.3899999999999,1520,503.60999999999996
"Fabrikam Independent Filmmaker 2/3'' 17mm X100 Black",1003.0200000000003,1500,496.97999999999985
"Contoso Water Heater 7.2GPM X1800 Green",986.3000000000006,1475,488.70000000000044
"Contoso Water Heater 7.2GPM X1800 Blue",986.3000000000005,1475,488.70000000000044
"Contoso Water Heater 7.2GPM X1800 Silver",986.3000000000005,1475,488.70000000000044
"Contoso Water Heater 7.2GPM X1800 White",986.3000000000004,1475,488.7000000000004
"Contoso Water Heater 7.2GPM X1800 Grey",986.3000000000001,1475,488.7000000000004
"Contoso Water Heater 7.2GPM X1800 Red",986.2999999999998,1475,488.70000000000033
"NT Washer & Dryer 24in M2400 Green",982.45,1818.9,836.45
"NT Washer & Dryer 24in M2400 Silver",982.45,1818.9,836.45
"NT Washer & Dryer 24in M2400 White",982.45,1818.9,836.45
"NT Washer & Dryer 24in M2400 Blue",982.45,1818.9,836.45
"Litware Washer & Dryer 24in M260 Silver",981.9700000000001,1818,836.0299999999999
"Contoso Washer & Dryer 24in M240 Silver",981.9700000000001,1818,836.0299999999999
"Litware Washer & Dryer 24in M260 Green",981.9700000000001,1818,836.0299999999999
"Contoso Washer & Dryer 24in M240 White",981.97,1818,836.03
"Contoso Washer & Dryer 24in M240 Red",981.97,1818,836.03
"Litware Washer & Dryer 24in M260 Blue",981.97,1818,836.03
"Contoso Washer & Dryer 24in M240 Green",981.97,1818,836.03
"Contoso Washer & Dryer 24in M240 Pink",981.97,1818,836.03
"Litware Washer & Dryer 24in M260 White",981.9699999999999,1818,836.0300000000001
"Contoso Washer & Dryer 24in M240 Blue",981.9699999999999,1818,836.0300000000001
"Adventure Works Laptop19W X1980 Red",868.6200000000003,1299,430.38000000000005
"WWI Laptop19W X0196 White",868.6200000000003,1299,430.38000000000005
"Adventure Works Laptop19 X1900 Black",868.6200000000002,1299,430.38
"WWI Laptop19W X0196 Black",868.6200000000002,1299,430.38
"Adventure Works Laptop19W X1980 Blue",868.6200000000002,1299,430.38
"Adventure Works Laptop19W X1980 Silver",868.6200000000001,1299,430.37999999999994
"Proseware Laptop19 X910 Black",868.6200000000001,1299,430.37999999999994
"Proseware Laptop19W X910 White",868.6200000000001,1299,430.37999999999994
"Adventure Works Laptop19W X1980 White",868.6200000000001,1299,430.37999999999994
"WWI Laptop19W X0196 Blue",868.6199999999999,1299,430.37999999999977
"Fabrikam Laptop19W M9800 Black",801.75,1199,397.25
"Adventure Works 40" LCD HDTV M690 White",792.37,1184.9700000000005,392.6000000000002
"Adventure Works 40" LCD HDTV M690 Black",792.3699999999999,1184.9700000000005,392.6000000000002
"Adventure Works 40" LCD HDTV M690 Silver",792.3699999999999,1184.9700000000005,392.6000000000002
"Adventure Works 40" LCD HDTV M690 Brown",792.3699999999998,1184.9700000000007,392.60000000000025
"NT Washer & Dryer 21in E2100 White",784.2200000000001,1599.9,815.68
"NT Washer & Dryer 21in E2100 Green",784.2200000000001,1599.9000000000003,815.68
"NT Washer & Dryer 21in E2100 Silver",784.2200000000001,1599.9,815.68
"NT Washer & Dryer 21in E2100 Blue",784.2200000000001,1599.9,815.68
"Contoso Washer & Dryer 21in E210 Pink",783.7800000000001,1599,815.2199999999999
"Litware Washer & Dryer 21in E214 White",783.78,1599,815.22
"Litware Washer & Dryer 21in E214 Green",783.78,1599,815.22
"Contoso Washer & Dryer 21in E210 Silver",783.78,1599,815.22
"Contoso Washer & Dryer 21in E210 Red",783.78,1599,815.22
"Contoso Washer & Dryer 21in E210 Blue",783.7799999999999,1599,815.2200000000001
"Litware Washer & Dryer 21in E214 Blue",783.7799999999999,1599,815.2200000000001
"Litware Washer & Dryer 21in E214 Silver",783.7799999999999,1599,815.2200000000001
"Contoso Washer & Dryer 21in E210 White",783.7799999999999,1599,815.2200000000001
"Litware Home Theater System 7.1 Channel X711 Black",741.57,1109,367.43
"Litware Home Theater System 7.1 Channel X711 Brown",741.5699999999999,1109,367.43
"Litware Home Theater System 7.1 Channel X711 Silver",741.5699999999998,1109,367.42999999999995
"Fabrikam Laptop19 M9000 Black",734.8799999999998,1099,364.11999999999995
"Fabrikam Trendsetter 1'' 25mm X400 Black",688.7399999999999,1030,341.26000000000005
"Fabrikam Trendsetter 1'' 25mm X400 White",668.6800000000002,1000,331.31999999999994
"Fabrikam Trendsetter 1/2" 3mm X300 Orange",668.6800000000002,1000,331.32
"Fabrikam Trendsetter 1'' 25mm X400 Grey",668.6800000000002,1000,331.32000000000005
"Fabrikam Trendsetter 1" 25mm X400 Blue",668.6800000000002,1000,331.32000000000005
"Fabrikam Trendsetter 1/3'' 8.5mm X200 Black",668.0100000000001,999,330.9899999999999
"Fabrikam Trendsetter 1/2'' 3mm X300 Grey",668.0100000000001,999,330.98999999999995
"SV Car Video LCD9.2W X9280 Black",668.0100000000001,999,330.98999999999995
"SV Car Video LCD9.2W X9280 Brown",668.0100000000001,999,330.99
"Fabrikam Trendsetter 1/2'' 3mm X300 White",668.0100000000001,999,330.9899999999999
"SV Car Video LCD9.2W X9280 Silver",668.0100000000001,999,330.99
"Fabrikam Trendsetter 1/2'' 3mm X300 Black",668.0100000000001,999,330.98999999999995
"Fabrikam Trendsetter 1/3" 8.5mm X200 Blue",667.34,998,330.65999999999997
"Fabrikam Trendsetter 1/3'' 8.5mm X200 White",667.34,998,330.66
"Fabrikam Trendsetter 1/3'' 8.5mm X200 Grey",667.34,998,330.65999999999997
"Fabrikam Trendsetter 2/3" 17mm X100 Orange",660.66,988,327.34000000000003
"Fabrikam Trendsetter 2/3'' 17mm X100 Black",655.3099999999998,980,324.69
"Fabrikam Trendsetter 2/3'' 17mm X100 Grey",655.3099999999997,980,324.68999999999994
"Fabrikam Trendsetter 2/3'' 17mm X100 White",655.3099999999996,980,324.6899999999998
"Adventure Works Desktop PC2.33 XD233 Silver",647.9499999999983,969,321.0500000000005
"Adventure Works Desktop PC2.33 XD233 Brown",647.9499999999983,969,321.05000000000047
"Adventure Works Desktop PC2.33 XD233 White",647.9499999999983,969,321.05000000000047
"Adventure Works Desktop PC2.33 XD233 Black",647.9499999999982,969,321.0500000000006
"WWI Desktop PC2.33 X2330 Black",614.5200000000003,919,304.4800000000007
"WWI Desktop PC2.33 X2330 Brown",614.5200000000002,919,304.48000000000064
"WWI Desktop PC2.33 X2330 Silver",614.52,919,304.4800000000005
"WWI Desktop PC2.33 X2330 White",614.5199999999996,919,304.48000000000025
"Contoso Home Theater System 7.1 Channel M1700 Silver",594.46,889,294.54
"Contoso Home Theater System 7.1 Channel M1700 Brown",594.46,889,294.54
"Contoso Home Theater System 7.1 Channel M1700 Black",594.46,889,294.54
"Contoso Home Theater System 7.1 Channel M1700 White",594.46,889,294.54
"Adventure Works 37" 1080p LCD HDTV M150W Brown",594.1399999999998,1099.9900000000002,505.8500000000001
"Adventure Works 37" 1080p LCD HDTV M150W Black",594.1399999999998,1099.9900000000002,505.8500000000001
"Adventure Works 37" 1080p LCD HDTV M150W Silver",594.1399999999996,1099.9899999999998,505.84999999999985
"Adventure Works 37" 1080p LCD HDTV M150W White",594.1399999999996,1099.9899999999998,505.8499999999998
"SV Car Video LCD9.2W X9281 Silver",581.0799999999999,869,287.92
"Adventure Works LCD24W X300 White",581.0799999999999,869,287.92
"WWI LCD24W X300 White",581.0799999999999,869,287.92
"Proseware LCD24W X300 White",581.0799999999999,869,287.92
"SV Car Video LCD9.2W X9281 Black",581.0799999999999,869,287.92
"Adventure Works LCD24W X300 Black",581.0799999999999,869,287.92
"WWI LCD24W X300 Black",581.0799999999999,869,287.92
"SV Car Video LCD9.2W X9281 Brown",581.0799999999999,869,287.92
"Proseware LCD24W X300 Black",581.0799999999999,869,287.92
"Proseware LCD24 X300 White",547.6499999999999,819,271.34999999999997
"WWI LCD24 X300 Black",547.6499999999999,819,271.34999999999997
"Adventure Works LCD24 X300 White",547.6499999999999,819,271.34999999999997
"Proseware LCD24 X300 Black",547.6499999999999,819,271.35
"Adventure Works LCD24 X300 Black",547.6499999999999,819,271.35
"WWI LCD24 X300 White",547.6499999999997,819,271.3500000000001
"WWI Projector 720p DLP56 White",539.6000000000001,999,459.39999999999986
"WWI Projector 720p DLP56 Silver",539.6000000000001,999,459.39999999999986
"Contoso Projector 720p M621 White",539.6000000000001,999,459.3999999999999
"WWI Projector 720p DLP56 Black",539.6000000000001,999,459.3999999999999
"Contoso Projector 720p M621 Black",539.6000000000001,999,459.39999999999986
"Contoso Projector 720p M621 Silver",539.6000000000001,999,459.39999999999986
"Proseware Projector 720p DLP56 Black",539.6000000000001,999,459.3999999999999
"Proseware Projector 720p DLP56 White",539.6000000000001,999,459.3999999999999
"Proseware Projector 720p DLP56 Silver",539.6000000000001,999,459.3999999999999
"Litware Home Theater System 7.1 Channel M710 Black",534.28,799,264.72
"Litware Home Theater System 7.1 Channel M710 Brown",534.28,799,264.72
"Litware Home Theater System 7.1 Channel M710 Silver",534.2799999999999,799,264.72
"Fabrikam Laptop16W M6080 Black",522.3099999999997,967,444.6899999999998
"NT Washer & Dryer 15.5in E1550 Green",490.12000000000006,999.9,509.78
"NT Washer & Dryer 15.5in E1550 Silver",490.12,999.9,509.7799999999999
"NT Washer & Dryer 15.5in E1550 White",490.11999999999995,999.8999999999999,509.77999999999986
"NT Washer & Dryer 15.5in E1550 Blue",490.11999999999995,999.8999999999999,509.77999999999986
"Litware Washer & Dryer 15.5in E150 Green",489.68,999,509.32
"Contoso Washer & Dryer 15.5in E155 White",489.68,999,509.32
"Contoso Washer & Dryer 15.5in E155 Green",489.68,999,509.32
"Contoso Washer & Dryer 15.5in E155 Silver",489.68,999,509.32
"Contoso Washer & Dryer 15.5in E155 Blue",489.68,999,509.32
"Contoso Washer & Dryer 15.5in E155 Pink",489.68,999,509.32
"Litware Washer & Dryer 15.5in E150 Blue",489.68,999,509.32
"Contoso Washer & Dryer 15.5in E155 Red",489.68,999,509.32
"Litware Washer & Dryer 15.5in E150 White",489.67999999999995,999,509.32000000000005
"Litware Washer & Dryer 15.5in E150 Silver",489.67999999999995,999,509.32000000000005
"Litware Refrigerator 19CuFt M760 Blue",485.58000000000004,899,413.41999999999996
"Fabrikam Refrigerator 19CuFt M7600 Green",485.58000000000004,899,413.42
"Fabrikam Refrigerator 19CuFt M7600 Orange",485.58000000000004,899,413.42
"Litware Refrigerator 19CuFt M760 Orange",485.58,899,413.42
"Fabrikam Refrigerator 19CuFt M7600 Brown",485.58,899,413.42
"Fabrikam Refrigerator 19CuFt M7600 Blue",485.58,899,413.42
"Litware Refrigerator 19CuFt M760 Red",485.58,899,413.42
"Litware Refrigerator 19CuFt M760 Green",485.58,899,413.42
"Litware Refrigerator 19CuFt M760 Silver",485.58,899,413.42
"Fabrikam Refrigerator 19CuFt M7600 Silver",485.58,899,413.42
"Litware Refrigerator 19CuFt M760 White",485.58,899,413.42
"Litware Refrigerator 19CuFt M760 Grey",485.58,899,413.42
"Fabrikam Refrigerator 19CuFt M7600 White",485.58,899,413.42
"Litware Refrigerator 19CuFt M760 Brown",485.58,899,413.42
"Fabrikam Refrigerator 19CuFt M7600 Grey",485.58,899,413.42
"Fabrikam Business Videographer 1'' 25mm M600 White",480.7200000000002,890,409.27999999999986
"Fabrikam Business Videographer 1" 25mm M600 Blue",480.7200000000002,890,409.27999999999986
"Fabrikam Business Videographer 1'' 25mm M600 Grey",480.7200000000002,890,409.27999999999986
"Fabrikam Business Videographer 1'' 25mm M600 Black",479.6400000000001,888,408.35999999999996
"Fabrikam Business Videographer 1/2" 3mm M500 Orange",475.31999999999994,880,404.68
"Fabrikam Business Videographer 1/2'' 3mm M500 Black",475.31999999999994,880,404.68
"Fabrikam Business Videographer 1/2'' 3mm M500 Grey",475.3199999999999,880,404.6800000000001
"Fabrikam Laptop17W M7080 Black",475.27000000000015,879.8999999999997,404.63000000000005
"Fabrikam Business Videographer 1/2'' 3mm M500 White",474.23999999999984,878,403.7600000000001
"Fabrikam Business Videographer 1/2" 3mm M500 Blue",474.23999999999984,878,403.7600000000001
"Contoso Water Heater 4.3GPM M1250 Grey",473.9700000000004,877.5,403.5299999999998
"Contoso Water Heater 4.3GPM M1250 Green",473.9700000000003,877.5,403.52999999999986
"Contoso Water Heater 4.3GPM M1250 White",473.9700000000003,877.5,403.52999999999986
"Contoso Water Heater 4.3GPM M1250 Blue",473.97000000000025,877.5,403.53
"Contoso Water Heater 4.3GPM M1250 Yellow",473.9700000000002,877.5,403.53000000000003
"Contoso Water Heater 4.3GPM M1250 Silver",473.9700000000001,877.5,403.53000000000014
"Contoso Water Heater 4.3GPM M1250 Red",473.9699999999999,877.5,403.5300000000002
"Fabrikam Business Videographer 1/3'' 8.5mm M380 Grey",464.5200000000002,860,395.4799999999999
"Fabrikam Business Videographer 1/3'' 8.5mm M380 Black",464.5200000000002,860,395.4799999999999
"Fabrikam Business Videographer 1/3" 8.5mm M380 Orange",464.52000000000015,860,395.48
"Fabrikam Business Videographer 1/3" 8.5mm M380 Blue",462.36000000000007,856,393.63999999999993
"Fabrikam Business Videographer 1/3'' 8.5mm M380 White",462.35999999999996,856,393.63999999999993
"Fabrikam Business Videographer 2/3" 17mm M280 Orange",459.11999999999995,850,390.88000000000005
"Fabrikam Business Videographer 2/3'' 17mm M280 Grey",459.11999999999995,850,390.88000000000005
"Fabrikam Business Videographer 2/3'' 17mm M280 Black",459.11999999999995,850,390.88000000000005
"Proseware LCD22W M2001 Black",454.03000000000003,679,224.97
"Adventure Works LCD22W M200 White",454.0299999999999,679,224.96999999999997
"WWI LCD22W M2003 Black",454.02999999999986,679,224.96999999999994
"Proseware LCD22W M2001 White",454.0299999999998,679,224.96999999999994
"Adventure Works LCD22W M200 Black",454.0299999999998,679,224.9699999999999
"WWI LCD22W M2003 White",454.0299999999998,679,224.9699999999999
"Fabrikam Business Videographer 2/3" 17mm M280 Blue",452.63000000000005,838,385.36999999999995
"Fabrikam Business Videographer 2/3'' 17mm M280 White",452.63000000000005,838,385.36999999999995
"Contoso SLR Camera X144 Silver Grey",450.02000000000004,673,222.98
"Contoso SLR Camera X144 Gold",450.02000000000004,673,222.98
"Fabrikam Microwave 1.5CuFt X1100 Black",445.3000000000001,665.9400000000003,220.6399999999999
"Fabrikam Microwave 1.5CuFt X1100 White",445.3000000000001,665.9400000000003,220.6399999999999
"Fabrikam Microwave 1.5CuFt X1100 Silver",445.3000000000001,665.9400000000003,220.6399999999999
"Fabrikam Microwave 1.5CuFt X1100 Red",445.3000000000001,665.9400000000003,220.6399999999999
"Fabrikam Microwave 1.5CuFt X1100 Grey",445.3000000000001,665.9400000000003,220.6399999999999
"Litware Microwave 1.5CuFt X110 White",445.3000000000001,665.9400000000003,220.6399999999999
"Litware Microwave 1.5CuFt X110 Grey",445.3000000000001,665.9400000000002,220.6399999999999
"Contoso Microwave 1.5CuFt X0110 Black",445.3000000000001,665.9400000000002,220.6399999999999
"Contoso Microwave 1.5CuFt X0110 Grey",445.3000000000001,665.9400000000003,220.6399999999999
"Contoso Microwave 1.5CuFt X0110 Silver",445.3000000000001,665.9400000000003,220.6399999999999
"Contoso Microwave 1.5CuFt X0110 Red",445.3000000000001,665.9400000000003,220.6399999999999
"Litware Microwave 1.5CuFt X110 Blue",445.3000000000001,665.9400000000003,220.6399999999999
"Litware Microwave 1.5CuFt X110 Black",445.3000000000001,665.9400000000003,220.6399999999999
"Fabrikam Microwave 1.5CuFt X1100 Blue",445.3000000000001,665.9400000000003,220.6399999999999
"Litware Microwave 1.5CuFt X110 Silver",445.30000000000007,665.9400000000003,220.63999999999993
"Contoso Microwave 1.5CuFt X0110 White",445.30000000000007,665.9400000000002,220.63999999999993
"Litware Microwave 1.5CuFt X110 Red",445.3,665.9400000000004,220.63999999999996
"Fabrikam Laptop17 M7000 Black",442.3700000000001,819,376.62999999999994
"Fabrikam SLR Camera X148 Gold",439.32,657,217.67999999999998
"Fabrikam SLR Camera X148 Silver Grey",439.32,657,217.67999999999998
"Contoso SLR Camera X143 Silver",431.9700000000002,646,214.0300000000001
"Contoso SLR Camera X143 Grey",431.9700000000002,646,214.03000000000003
"Fabrikam SLR Camera X147 Grey",431.3000000000001,645,213.69999999999996
"Fabrikam SLR Camera X147 Silver",431.30000000000007,645,213.70000000000002
"Contoso Water Heater 4.0GPM M1250 Green",427.25,791,363.75
"Contoso Water Heater 4.0GPM M1250 Red",427.25,791,363.75
"Contoso Water Heater 4.0GPM M1250 Grey",427.25,791,363.75
"Contoso Water Heater 4.0GPM M1250 Blue",427.25,791,363.75
"Contoso Water Heater 4.0GPM M1250 Silver",427.25,791,363.75
"Contoso Water Heater 4.0GPM M1250 White",427.25,791,363.75
"Contoso SLR Camera X142 Black",425.9499999999999,637,211.05
"Adventure Works Floor Lamp X1150 Silver",425.27,635.99,210.72
"WWI Floor Lamp X115 Silver",425.27,635.99,210.72
"WWI Floor Lamp X115 White",425.27,635.99,210.72
"Proseware Floor Lamp X0115 Grey",425.27,635.99,210.72
"Proseware Air conditioner 25000BTU L167 Red",425.27,635.99,210.72
"Adventure Works Floor Lamp X1150 Blue",425.27,635.99,210.72
"Contoso Air conditioner 25000BTU L1672 Grey",425.27,635.9899999999999,210.72
"Litware Floor Lamp X1015 Silver",425.27,635.99,210.72
"Proseware Floor Lamp X0115 White",425.27,635.99,210.72
"Litware Floor Lamp X1015 Grey",425.27,635.99,210.72
"Contoso Air conditioner 25000BTU L1672 Blue",425.27,635.99,210.72
"Proseware Floor Lamp X0115 Blue",425.27,635.99,210.72
"Litware Floor Lamp X1015 White",425.27,635.99,210.72
"Litware Floor Lamp X1015 Black",425.27,635.99,210.72
"Proseware Floor Lamp X0115 Silver",425.27,635.99,210.72
"WWI Floor Lamp X115 Blue",425.27,635.99,210.72
"Proseware Floor Lamp X0115 Black",425.27,635.99,210.72
"Contoso Air conditioner 25000BTU L1672 Silver",425.27,635.99,210.72
"Proseware Air conditioner 25000BTU L167 White",425.27,635.9899999999999,210.71999999999997
"Proseware Air conditioner 25000BTU L167 Grey",425.27,635.9899999999999,210.72
"Litware Floor Lamp X1015 Blue",425.27,635.99,210.71999999999997
"Proseware Air conditioner 25000BTU L167 Silver",425.27,635.9899999999999,210.72
"Adventure Works Floor Lamp X1150 White",425.27,635.99,210.72
"Contoso Air conditioner 25000BTU L1672 White",425.27,635.9899999999999,210.72
"WWI Floor Lamp X115 Grey",425.27,635.99,210.71999999999997
"Contoso Air conditioner 25000BTU L1672 Red",425.27,635.9899999999999,210.72
"Contoso SLR Camera X145 Blue",422.61,632,209.38999999999993
"Contoso SLR Camera X145 Pink",422.6099999999999,632,209.3899999999999
"Fabrikam SLR Camera X146 Black",420.6000000000002,629,208.40000000000006
"A. Datum SLR Camera X138 Silver Grey",419.26000000000016,627,207.73999999999995
"A. Datum SLR Camera X135 Black",419.26000000000016,627,207.74
"A. Datum SLR Camera X140 Pink",419.26000000000016,627,207.73999999999995
"Fabrikam SLR Camera X149 Pink",419.26000000000016,627,207.73999999999998
"A. Datum SLR Camera X137 Grey",419.26000000000016,627,207.73999999999998
"A. Datum SLR Camera X139 Gold",419.2600000000001,627,207.74
"Fabrikam SLR Camera X149 Blue",419.2600000000001,627,207.74
"WWI LCD22 M2002 White",413.90999999999997,619,205.09000000000006
"Adventure Works LCD22 M200 Black",413.9099999999999,619,205.09000000000006
"Adventure Works LCD22 M200 White",413.9099999999999,619,205.09000000000006
"Proseware LCD22 M2000 Black",413.9099999999999,619,205.08999999999997
"Proseware LCD22 M2000 White",413.9099999999999,619,205.09000000000003
"WWI LCD22 M2002 Black",413.9099999999999,619,205.09000000000003
"Adventure Works Laptop15.4W M1548 Silver",409.42,758,348.58
"Proseware Laptop15.4W M518 Black",409.42,758,348.58
"Proseware Laptop15.4W M518 White",409.42,758,348.58
"WWI Laptop15.4W M0156 White",409.42,758,348.58
"Adventure Works Laptop15.4W M1548 Black",409.42,758,348.58
"Fabrikam Laptop15.4W M5480 White",409.42,758,348.58
"Adventure Works Laptop15.4W M1548 Red",409.42,758,348.58
"Adventure Works Laptop15.4W M1548 White",409.42,758,348.58
"WWI Laptop15.4W M0156 Black",409.42,758,348.58
"Adventure Works Coffee Maker Auto 10C M100 Grey",402.94,745.9899999999999,343.0500000000001
"Contoso Coffee Maker Auto 10C M1000 Silver",402.94,745.9899999999999,343.05000000000007
"Adventure Works Coffee Maker Auto 10C M100 Silver",402.94,745.9899999999999,343.05000000000007
"Fabrikam Coffee Maker Auto 10C M100 Grey",402.94,745.9899999999999,343.05000000000007
"Fabrikam Coffee Maker Auto 10C M100 Silver",402.94,745.9899999999999,343.05000000000007
"Adventure Works Coffee Maker Auto 10C M100 White",402.94,745.9899999999999,343.05000000000007
"Fabrikam Coffee Maker Auto 10C M100 White",402.94,745.9899999999999,343.05000000000007
"Contoso Coffee Maker Auto 10C M1000 Black",402.94,745.9899999999999,343.05
"Adventure Works Coffee Maker Auto 10C M100 Black",402.94,745.9899999999999,343.05000000000007
"Contoso Coffee Maker Auto 10C M1000 Grey",402.94,745.9899999999999,343.05
"Fabrikam Coffee Maker Auto 10C M100 Black",402.94,745.9899999999999,343.05000000000007
"Contoso Coffee Maker Auto 10C M1000 White",402.9399999999998,745.9899999999999,343.0500000000001
"MGS Age of Empires Expansion: The Rise of Rome X900",400.4099999999999,598.7999999999996,198.39000000000004
"Contoso Telephoto Conversion Lens X400 Silver",397.86,595,197.13999999999993
"Contoso Telephoto Conversion Lens X400 White",397.85999999999996,595,197.14
"Contoso Telephoto Conversion Lens X400 Black",397.8599999999999,595,197.13999999999993
"The Phone Company Touch Screen Phone 1600 TFT-1.4" L250 Black",393.8499999999998,589,195.1499999999998
"The Phone Company Touch Screen Phone 1600 TFT-1.4" L250 Grey",393.84999999999974,589,195.1499999999998
"The Phone Company Touch Screen Phone 1600 TFT-1.4" L250 Gold",393.84999999999974,589,195.1499999999998
"A. Datum SLR Camera 35" X358 Silver Grey",393.1800000000001,588,194.82000000000005
"A. Datum SLR Camera 35" X358 Blue",393.18000000000006,588,194.82000000000002
"A. Datum SLR Camera 35" X358 Grey",393.18000000000006,588,194.82000000000002
"A. Datum SLR Camera 35" X358 Orange",393.18,588,194.82
"A. Datum SLR Camera 35" X358 Black",393.18,588,194.82
"A. Datum SLR Camera 35" X358 Silver",393.18,588,194.81999999999996
"A. Datum SLR Camera 35" X358 Pink",393.17999999999995,588,194.81999999999996
"A. Datum SLR Camera 35" X358 Gold",393.17999999999995,588,194.81999999999996
"Contoso SLR Camera 35" X358 Silver Grey",379.8100000000002,568,188.19000000000003
"Contoso SLR Camera 35" X358 Blue",379.8100000000001,568,188.19000000000003
"Contoso SLR Camera 35" X358 Black",379.81000000000006,568,188.19000000000003
"Contoso SLR Camera 35" X358 Pink",379.81000000000006,568,188.19000000000003
"Contoso SLR Camera 35" X358 Orange",379.81000000000006,568,188.19000000000003
"Contoso SLR Camera 35" X358 Silver",379.81000000000006,568,188.19000000000003
"Contoso SLR Camera 35" X358 Gold",379.81,568,188.19000000000003
"Contoso SLR Camera 35" X358 Grey",379.81,568,188.19000000000003
"Adventure Works Laptop15 M1501 White",377.5600000000002,699,321.4399999999999
"Proseware Laptop15 M510 White",377.5600000000002,699,321.4399999999999
"Fabrikam Laptop15 M5000 White",377.5600000000002,699,321.4399999999999
"Proseware Laptop15 M510 Black",377.5600000000002,699,321.4399999999999
"WWI Laptop15 M0150 Blue",377.5600000000002,699,321.4399999999999
"WWI Projector 720p LCD56 Silver",377.5600000000002,699,321.4399999999999
"Adventure Works Laptop15 M1500 Black",377.5600000000001,699,321.43999999999994
"Adventure Works Laptop15 M1501 Silver",377.5600000000001,699,321.4399999999998
"WWI Laptop15 M0150 White",377.5600000000001,699,321.43999999999994
"Adventure Works Laptop15 M1501 Blue",377.5600000000001,699,321.43999999999994
"Contoso Projector 720p M620 White",377.5600000000001,699,321.43999999999994
"Proseware Projector 720p LCD56 Silver",377.56000000000006,699,321.44
"Proseware Projector 720p LCD56 White",377.56000000000006,699,321.44
"Contoso Projector 720p M620 Black",377.56000000000006,699,321.44
"WWI Projector 720p LCD56 White",377.56000000000006,699,321.44
"Litware Home Theater System 5.1 Channel M512 Brown",377.56,699,321.44
"Litware Home Theater System 5.1 Channel M511 Brown",377.56,699,321.44
"Adventure Works Laptop15 M1501 Red",377.56,699,321.4399999999999
"WWI Laptop15 M0150 Black",377.56,699,321.44
"Litware Home Theater System 5.1 Channel M511 Silver",377.56,699,321.44
"Contoso Projector 720p M620 Silver",377.56,699,321.44
"SV Car Video LCD7W M7082 Silver",377.56,699,321.44
"SV Car Video LCD7W M7082 Brown",377.56,699,321.44
"Litware Home Theater System 5.1 Channel M511 Black",377.56,699,321.44
"Litware Home Theater System 5.1 Channel M512 Black",377.56,699,321.44
"Proseware Projector 720p LCD56 Black",377.56,699,321.44
"Litware Home Theater System 5.1 Channel M512 Silver",377.56,699,321.44
"WWI Projector 720p LCD56 Black",377.56,699,321.44
"SV Car Video LCD7W M7082 Black",377.56,699,321.44
"Adventure Works 42" LCD HDTV M55 Black",374.25,763.5099999999993,389.26000000000016
"Litware Home Theater System 5.1 Channel M513 Black",372.15000000000003,689,316.84999999999997
"Litware Home Theater System 5.1 Channel M513 Silver",372.15,689,316.85
"Litware Home Theater System 5.1 Channel M513 Brown",372.1499999999999,689,316.85
"Fabrikam Home and Vacation Moviemaker 2/3" 17mm M103 Blue",359.1899999999999,665,305.81000000000006
"Fabrikam Laptop15.4 M5400 White",355.9499999999999,659,303.05000000000007
"Fabrikam Home and vacation moviemaker 2/3'' 17mm M103 Black",353.79,655,301.21
"Fabrikam Home and Vacation Moviemaker 2/3'' 17mm M103 Grey",353.79,655,301.21
"Fabrikam Home and Vacation Moviemaker 2/3'' 17mm M103 White",353.79,655,301.21
"The Phone Company Touch Screen Phone 1600 TFT-2.2" L200 Grey",353.72999999999973,529,175.2700000000002
"The Phone Company Touch Screen Phone 1600 TFT-2.2" L200 Gold",353.7299999999997,529,175.2700000000002
"The Phone Company Touch Screen Phone 1600 TFT-2.2" L200 Black",353.7299999999997,529,175.27000000000024
"Litware Home Theater System 5.1 Channel M510 Brown",345.15000000000003,639,293.84999999999997
"Litware Home Theater System 5.1 Channel M510 Silver",345.15000000000003,639,293.84999999999997
"Litware Home Theater System 5.1 Channel M510 Black",345.15,639,293.85
"Fabrikam Home and Vacation Moviemaker 1/3'' 8.5mm M200 Black",344.61000000000007,638,293.38999999999993
"Fabrikam Home and Vacation Moviemaker 1/3'' 8.5mm M200 White",341.9099999999999,633,291.09000000000003
"Fabrikam Home and Vacation Moviemaker 1/3'' 8.5mm M200 Grey",341.9099999999999,633,291.09000000000003
"Fabrikam Home and vacation moviemaker 1/3" 8.5mm M200 Blue",341.9099999999999,633,291.09000000000003
"Fabrikam Home and Vacation Moviemaker 1'' 25mm M400 Black",334.88000000000005,620,285.11999999999995
"Fabrikam Home and Vacation Moviemaker 1'' 25mm M400 Grey",324.08,600,275.92
"Fabrikam Home and Vacation Moviemaker 1'' 25mm M400 White",324.08,600,275.92
"Fabrikam Home and Vacation Moviemaker 1" 25mm M400 Blue",324.08,600,275.92
"Adventure Works Desktop PC2.30 MD230 Brown",324.0299999999994,599.9000000000001,275.86999999999983
"Adventure Works Desktop PC2.30 MD230 White",323.54000000000076,599,275.4599999999993
"Adventure Works Desktop PC2.30 MD230 Black",323.54000000000076,599,275.4599999999993
"Adventure Works Desktop PC2.30 MD230 Silver",323.5400000000007,599,275.4599999999993
"Adventure Works Laptop16 M1601 White",323.5400000000001,599,275.46
"Proseware Laptop16 M610 White",323.54,599,275.46
"Litware Home Theater System 4.1 Channel M410 Brown",323.54,599,275.46
"Litware Home Theater System 5.1 Channel M514 Silver",323.54,599,275.46
"Litware Home Theater System 5.1 Channel M514 Black",323.54,599,275.46
"Litware Home Theater System 4.1 Channel M410 Silver",323.54,599,275.46
"Litware Home Theater System 4.1 Channel M411 Silver",323.54,599,275.46
"Fabrikam Laptop16 M6000 Black",323.54,599,275.46
"Adventure Works Laptop16 M1601 Red",323.54,599,275.46
"Proseware Laptop16 M610 Black",323.54,599,275.46
"WWI Laptop16 M0160 White",323.54,599,275.46
"Litware Home Theater System 4.1 Channel M411 Brown",323.54,599,275.46
"WWI Laptop16 M0160 Black",323.54,599,275.46
"Adventure Works Laptop16 M1601 Blue",323.54,599,275.46
"Adventure Works Laptop16 M1601 Silver",323.54,599,275.46
"Litware Home Theater System 4.1 Channel M410 Black",323.54,599,275.46
"Litware Home Theater System 5.1 Channel M514 Brown",323.54,599,275.46
"Litware Home Theater System 4.1 Channel M411 Black",323.54,599,275.46
"Adventure Works Laptop16 M1600 Black",323.54,599,275.46
"Fabrikam SLR Camera X150 Orange",321.30000000000007,480.5,159.20000000000002
"Fabrikam SLR Camera X150 Green",321.30000000000007,480.5,159.20000000000002
"Fabrikam Laptop14.1 M4100 White",316.5200000000002,586,269.47999999999985
"Litware Home Theater System 5.1 Channel M516 Silver",312.74,579,266.26
"Litware Home Theater System 5.1 Channel M516 Brown",312.74,579,266.26
"Litware Home Theater System 5.1 Channel M516 Black",312.74,579,266.26
"Litware Home Theater System 5.1 Channel M515 Black",307.34,569,261.66
"Litware Home Theater System 5.1 Channel M515 Brown",307.34,569,261.66
"Litware Home Theater System 4.1 Channel M412 Silver",307.34,569,261.66
"Litware Home Theater System 4.1 Channel M412 Black",307.34,569,261.66
"Litware Home Theater System 5.1 Channel M515 Silver",307.34,569,261.66
"Litware Home Theater System 4.1 Channel M412 Brown",307.34,569,261.66
"Proseware Screen 125in X1609 White",306.92,459,152.07999999999998
"Contoso Screen 125in M250 White",306.92,459,152.07999999999998
"Proseware Screen 125in X1609 Black",306.92,459,152.07999999999996
"Proseware Screen 125in X1609 Silver",306.92,459,152.07999999999998
"Contoso Screen 125in M250 Silver",306.92,459,152.07999999999998
"WWI Screen 125in M1611 Silver",306.92,459,152.07999999999998
"Contoso Screen 125in M250 Black",306.92,459,152.07999999999998
"WWI Screen 125in M1611 White",306.92,459,152.07999999999998
"WWI Screen 125in M1611 Black",306.92,459,152.07999999999998
"Fabrikam Home and Vacation Moviemaker 1/2'' 3mm M300 Grey",305.72000000000014,566,260.27999999999986
"Fabrikam Home and Vacation Moviemaker 1/2" 3mm M300 Orange",305.72000000000014,566,260.27999999999986
"Fabrikam Home and Vacation Moviemaker 1/2'' 3mm M300 White",305.7200000000001,566,260.2799999999999
"WWI Desktop PC2.30 M2300 Silver",301.9400000000002,559,257.0600000000002
"WWI Desktop PC2.30 M2300 Black",301.9400000000001,559,257.0600000000003
"WWI Desktop PC2.30 M2300 White",301.9400000000001,559,257.0600000000003
"WWI Desktop PC2.30 M2300 Brown",301.94000000000005,559,257.06000000000034
"Fabrikam Home and Vacation Moviemaker 1/2'' 3mm M300 Black",300.32,556,255.68
"Litware Home Theater System 4.1 Channel M413 Silver",296.53,549,252.47
"Litware Home Theater System 4.1 Channel M413 Black",296.53,549,252.47
"Litware Home Theater System 4.1 Channel M413 Brown",296.53,549,252.47
"Fabrikam SLR Camera 35" X358 Gold",291.67999999999995,436.19999999999993,144.52
"Fabrikam SLR Camera 35" X358 Pink",291.6799999999999,436.19999999999993,144.52
"Fabrikam SLR Camera 35" X358 Black",291.6799999999999,436.1999999999999,144.52
"Fabrikam SLR Camera 35" X358 Grey",291.6799999999999,436.19999999999993,144.52
"Fabrikam SLR Camera 35" X358 Silver",291.6799999999999,436.1999999999999,144.52
"Fabrikam SLR Camera 35" X358 Blue",291.6799999999999,436.19999999999993,144.52
"Fabrikam SLR Camera 35" X358 Orange",291.6799999999999,436.19999999999993,144.52
"Fabrikam SLR Camera 35" X358 Green",291.6799999999999,436.1999999999999,144.52
"Fabrikam SLR Camera 35" X358 Silver Grey",291.6799999999999,436.19999999999993,144.52
"Contoso Home Theater System 5.1 Channel M1540 Black",285.73,529,243.27000000000004
"Contoso Home Theater System 5.1 Channel M1540 White",285.73,529,243.27
"Contoso Home Theater System 5.1 Channel M1540 Silver",285.73,529,243.27
"Contoso Home Theater System 5.1 Channel M1540 Brown",285.73,529,243.27
"A. Datum SLR Camera X142 Orange",285.5299999999999,427,141.47
"A. Datum SLR Camera X136 Silver",285.52999999999986,427,141.47
"A. Datum SLR Camera X141 Blue",285.52999999999986,427,141.47
"Contoso SLR Camera X146 Orange",285.52999999999986,427,141.47
"SV Car Video LCD7W M7080 Black",270.07000000000005,500,229.93
"SV Car Video LCD7W M7080 Brown",270.07,500,229.93
"SV Car Video LCD7W M7080 Silver",270.07,500,229.93000000000004
"Adventure Works 32" LCD HDTV M130 White",270.0600000000002,499.98999999999984,229.93000000000006
"Adventure Works 32" LCD HDTV M130 Silver",270.06000000000006,499.99000000000007,229.9300000000001
"Adventure Works 32" LCD HDTV M130 Brown",270.06,499.9900000000002,229.93000000000012
"Adventure Works 32" LCD HDTV M130 Black",270.05999999999995,499.9900000000004,229.93000000000015
"SV Car Video LCD7W M7081 Brown",269.5299999999999,499,229.46999999999997
"SV Car Video LCD7W M7081 Silver",269.5299999999999,499,229.46999999999997
"SV Car Video LCD7W M7081 Black",269.5299999999999,499,229.46999999999994
"The Phone Company PDA Phone 4.7 inches L360 Silver",268.8100000000002,402,133.19000000000003
"The Phone Company PDA Phone 4.7 inches L360 Black",268.8100000000002,402,133.19000000000003
"The Phone Company PDA Phone 4.7 inches L360 White",268.8100000000001,402,133.18999999999997
"Fabrikam Refrigerator 9.7CuFt M5600 Orange",266.28999999999996,493,226.71
"Litware Refrigerator 9.7CuFt M560 Brown",266.28999999999996,493,226.70999999999998
"Fabrikam Refrigerator 9.7CuFt M5600 White",266.28999999999996,493,226.71
"Litware Refrigerator 9.7CuFt M560 Red",266.28999999999996,493,226.71
"Litware Refrigerator 9.7CuFt M560 Silver",266.28999999999996,493,226.71
"Litware Refrigerator 9.7CuFt M560 White",266.28999999999996,493,226.71
"Fabrikam Refrigerator 9.7CuFt M5600 Blue",266.28999999999996,493,226.71
"Fabrikam Refrigerator 9.7CuFt M5600 Brown",266.28999999999996,493,226.70999999999998
"Fabrikam Refrigerator 9.7CuFt M5600 Grey",266.28999999999996,493,226.71
"Litware Refrigerator 9.7CuFt M560 Orange",266.28999999999996,493,226.71
"Litware Refrigerator 9.7CuFt M560 Green",266.28999999999996,493,226.71
"Fabrikam Refrigerator 9.7CuFt M5600 Green",266.28999999999996,493,226.70999999999998
"Fabrikam Refrigerator 9.7CuFt M5600 Silver",266.28999999999996,493,226.70999999999998
"Litware Refrigerator 9.7CuFt M560 Blue",266.28999999999996,493,226.70999999999998
"Litware Refrigerator 9.7CuFt M560 Grey",266.28999999999996,493,226.71
"The Phone Company PDA Palm 4.7 inch L850 Silver",266.13000000000005,398,131.86999999999992
"The Phone Company PDA Palm 4.7 inch L850 White",266.13000000000005,398,131.86999999999992
"The Phone Company PDA Palm 4.7 inch L850 Black",266.13000000000005,398,131.86999999999992
"Contoso Home Theater System 5.1 Channel M1510 Brown",264.13000000000005,489,224.86999999999998
"Contoso Home Theater System 5.1 Channel M1510 White",264.13000000000005,489,224.86999999999998
"Contoso Home Theater System 5.1 Channel M1510 Silver",264.13,489,224.87
"Contoso Home Theater System 5.1 Channel M1510 Black",264.13,489,224.87
"The Phone Company PDA Handheld 4.7 inch L650 Black",260.12000000000006,389,128.88000000000008
"The Phone Company PDA Handheld 4.7 inch L650 Silver",260.11999999999995,389,128.88000000000008
"The Phone Company PDA Handheld 4.7 inch L650 White",260.11999999999995,389,128.88000000000008
"The Phone Company PDA Wifi 4.7-inch L290 White",254.1000000000002,380,125.89999999999998
"The Phone Company PDA Wifi 4.7-inch L290 Silver",254.10000000000014,380,125.90000000000005
"The Phone Company PDA Wifi 4.7-inch L290 Black",254.1000000000001,380,125.90000000000006
"Adventure Works 26" 720p LCD HDTV M140 Black",253.8500000000002,469.97000000000014,216.12000000000006
"Adventure Works 26" 720p LCD HDTV M140 Silver",253.85000000000016,469.9699999999999,216.11999999999995
"Adventure Works 26" 720p LCD HDTV M140 Brown",253.85000000000014,469.9699999999998,216.11999999999992
"Adventure Works 26" 720p LCD HDTV M140 White",253.85000000000008,469.9699999999999,216.11999999999992
"Adventure Works Desktop PC3.0 MS300 Silver",253.31999999999977,469,215.68000000000023
"Adventure Works Desktop PC3.0 MS300 Black",253.31999999999977,469,215.68000000000023
"Contoso Water Heater 2.6GPM E0900 Green",249.0100000000002,508,258.98999999999984
"Contoso Water Heater 2.6GPM E0900 Silver",249.0100000000002,508,258.98999999999984
"Contoso Water Heater 2.6GPM E0900 Blue",249.0100000000002,508,258.98999999999984
"Contoso Water Heater 2.6GPM E0900 Grey",249.01000000000016,508,258.98999999999984
"Contoso Water Heater 2.6GPM E0900 Red",249.01000000000016,508,258.98999999999984
"Contoso Water Heater 2.6GPM E0900 White",249.01000000000016,508,258.98999999999984
"Proseware Air conditioner 12000BTU M640 Grey",248.46,459.99,211.53
"Contoso Air conditioner 12000BTU M0640 Grey",248.46,459.9899999999999,211.53
"Contoso Air conditioner 12000BTU M0640 Silver",248.46,459.99,211.53
"Proseware Air conditioner 12000BTU M640 Red",248.46,459.99,211.53
"Contoso Air conditioner 12000BTU M0640 Red",248.45999999999998,459.98999999999995,211.53000000000003
"Contoso Air conditioner 12000BTU M0640 Blue",248.45999999999998,459.98999999999995,211.53000000000003
"Contoso Air conditioner 12000BTU M0640 White",248.45999999999998,459.98999999999995,211.53000000000003
"Proseware Air conditioner 12000BTU M640 Silver",248.45999999999998,459.9899999999999,211.53
"Proseware Air conditioner 12000BTU M640 White",248.45999999999998,459.98999999999995,211.53000000000003
"Fabrikam Laptop14.1W M4180 Red",246.78999999999996,456.89999999999986,210.1100000000001
"The Phone Company PDA GPS Phone 4.7 inch L950 Silver",246.06999999999985,368,121.92999999999996
"The Phone Company PDA GPS Phone 4.7 inch L950 Black",246.06999999999985,368,121.92999999999996
"Contoso Macro Zoom Lens X300 Black",245.10000000000016,366.54999999999984,121.44999999999992
"Contoso Macro Zoom Lens X300 White",245.10000000000005,366.5500000000001,121.44999999999997
"Contoso Macro Zoom Lens X300 Silver",245.09999999999994,366.5500000000001,121.45000000000003
"Adventure Works Desktop PC1.80 ED182 Black",245.04000000000062,499.900000000001,254.8600000000004
"Adventure Works Desktop PC1.80 ED182 Brown",245.04000000000062,499.9000000000007,254.8600000000004
"Adventure Works Desktop PC1.80 ED182 White",245.04000000000062,499.90000000000083,254.8600000000004
"Adventure Works Desktop PC1.80 ED182 Silver",245.04000000000062,499.9000000000008,254.8600000000004
"Contoso Projector 480p M481 Black",244.6,499,254.4
"WWI Projector 480p DLP12 Black",244.6,499,254.4
"WWI Projector 480p DLP12 White",244.59999999999997,499,254.40000000000003
"Contoso Projector 480p M481 Silver",244.59999999999997,499,254.40000000000003
"WWI Projector 480p DLP12 Silver",244.59999999999994,499,254.40000000000006
"Proseware Projector 480p DLP12 Silver",244.59999999999994,499,254.40000000000006
"Proseware Projector 480p DLP12 White",244.59999999999994,499,254.40000000000006
"Proseware Projector 480p DLP12 Black",244.59999999999994,499,254.40000000000006
"Contoso Projector 480p M481 White",244.59999999999994,499,254.40000000000006
"Fabrikam Coffee Maker 12C M100 White",240.3600000000001,445,204.63999999999993
"Adventure Works Coffee Maker 12C M100 White",240.3600000000001,445,204.63999999999993
"Adventure Works Coffee Maker 12C M100 Silver",240.3600000000001,445,204.63999999999993
"Adventure Works Coffee Maker 12C M100 Grey",240.3600000000001,445,204.63999999999996
"Fabrikam Coffee Maker 12C M100 Gold",240.3600000000001,445,204.63999999999996
"Fabrikam Coffee Maker 12C M100 Silver",240.3600000000001,445,204.63999999999993
"Contoso Coffee Maker 12C M1000 Grey",240.36000000000007,445,204.64
"Fabrikam Coffee Maker 12C M100 Black",240.36000000000007,445,204.64
"Adventure Works Coffee Maker 12C M100 Black",240.36000000000007,445,204.63999999999996
"Contoso Coffee Maker 12C M1000 Black",240.36000000000007,445,204.64
"Contoso Coffee Maker 12C M1000 White",240.36000000000007,445,204.64
"Fabrikam Coffee Maker 12C M100 Grey",240.36000000000007,445,204.64000000000001
"Contoso Coffee Maker 12C M1000 Silver",240.36000000000007,445,204.63999999999996
"Fabrikam Budget Moviemaker 1/2'' 3mm E300 Black",236.26000000000008,482,245.73999999999992
"Contoso Home Theater System 4.1 Channel M1420 Silver",235.28000000000003,480,244.71999999999997
"Contoso Home Theater System 4.1 Channel M1420 White",235.28000000000003,480,244.71999999999997
"Contoso Home Theater System 4.1 Channel M1420 Black",235.28,480,244.72
"Contoso Home Theater System 4.1 Channel M1420 Brown",235.28,480,244.72
"Proseware Air conditioner 10000BTU M490 Red",232.25,429.9899999999999,197.74
"Proseware Air conditioner 10000BTU M490 Silver",232.25,429.99,197.74
"Contoso Air conditioner 10000BTU M0490 Grey",232.25,429.9899999999999,197.74
"Proseware Air conditioner 10000BTU M490 Grey",232.25,429.98999999999995,197.74
"Proseware Air conditioner 10000BTU M490 White",232.25,429.9899999999999,197.74
"Contoso Air conditioner 10000BTU M0490 Blue",232.25,429.98999999999995,197.74
"Contoso Air conditioner 10000BTU M0490 White",232.25,429.9899999999999,197.74
"Contoso Air conditioner 10000BTU M0490 Red",232.25,429.98999999999995,197.74
"Contoso Air conditioner 10000BTU M0490 Silver",232.25,429.9899999999999,197.74
"Contoso Home Theater System 5.1 Channel M1500 Black",231.72,429,197.28
"Contoso Home Theater System 5.1 Channel M1500 Silver",231.72,429,197.28
"Contoso Home Theater System 5.1 Channel M1500 Brown",231.72,429,197.28
"Contoso Home Theater System 5.1 Channel M1500 White",231.72,429,197.28
"Fabrikam Budget Moviemaker 2/3'' 17mm E100 Black",225.48,460,234.52000000000007
"Fabrikam Budget Moviemaker 1'' 25mm E400 Black",221.55999999999997,452,230.44000000000003
"Proseware Air conditioner 8000BTU M320 Silver",216.05000000000004,399.99,183.93999999999997
"Proseware Air conditioner 8000BTU M320 White",216.05000000000004,399.99,183.93999999999997
"Proseware Air conditioner 8000BTU M320 Red",216.05,399.99,183.94
"Litware 18'' Oscillating Pedestal Fan M145 Blue",216.05,400,183.95
"Contoso Air conditioner 8000BTU M0320 Red",216.05,399.99,183.94
"Litware 18'' Oscillating Pedestal Fan M145 White",216.05,400,183.95
"Contoso Air conditioner 8000BTU M0320 White",216.05,399.99,183.94
"Litware 18'' Oscillating Pedestal Fan M145 Yellow",216.05,400,183.95
"Contoso Air conditioner 8000BTU M0320 Silver",216.05,399.99,183.94
"Contoso Air conditioner 8000BTU M0320 Blue",216.05,399.99,183.94
"Contoso Air conditioner 8000BTU M0320 Grey",216.04999999999998,399.99000000000007,183.94000000000003
"Litware 18'' Oscillating Pedestal Fan M145 Pink",216.04999999999998,400,183.95000000000002
"Proseware Air conditioner 8000BTU M320 Grey",216.04999999999998,399.99,183.94000000000003
"Contoso Home Theater System 5.1 Channel M1530 Black",215.51,399,183.49
"Contoso Home Theater System 5.1 Channel M1530 Brown",215.51,399,183.49
"Contoso Home Theater System 5.1 Channel M1530 Silver",215.51,399,183.49
"Fabrikam Budget Moviemaker 1/2'' 3mm E300 Grey",211.75,432,220.25
"Fabrikam Budget Moviemaker 1/2'' 3mm E300 White",211.75,432,220.25
"Fabrikam Budget Movie-Maker 1/2'' 3mm E300 Black",211.75,432,220.25
"Fabrikam SLR Camera M150 Green",211.67999999999995,391.8999999999999,180.21999999999994
"Fabrikam SLR Camera M150 Orange",211.67999999999995,391.8999999999999,180.2199999999999
"Fabrikam Budget Moviemaker 1/3'' 8.5mm E200 Black",211.26,431,219.74
"Fabrikam Budget Moviemaker 1'' 25mm E400 White",206.84999999999994,422,215.15000000000006
"Fabrikam Budget Moviemaker 1'' 25mm E400 Grey",206.84999999999994,422,215.15000000000006
"Fabrikam Budget Movie-Maker 1'' 25mm E400 Black",206.84999999999994,422,215.15000000000006
"The Phone Company PDA Phone Unlocked 4.7 inches L550 White",201.93999999999988,302,100.05999999999996
"The Phone Company PDA Phone Unlocked 4.7 inches L550 Silver",201.93999999999986,302,100.05999999999996
"The Phone Company PDA Phone Unlocked 4.7 inches L550 Black",201.93999999999986,302,100.05999999999996
"Fabrikam Budget Moviemaker 1/3'' 8.5mm E200 White",201.46,411,209.54
"Fabrikam Budget Moviemaker 1/3'' 8.5mm E200 Grey",201.46,411,209.54
"Fabrikam Budget Movie-Maker 1/3'' 8.5mm E200 Black",201.46,411,209.54
"Fabrikam Budget Moviemaker 2/3'' 17mm E100 White",200.97,410,209.03000000000006
"Fabrikam Budget Moviemaker 2/3'' 17mm E100 Grey",200.96999999999994,410,209.0300000000001
"Fabrikam Budget Movie-Maker 2/3'' 17mm E100 Black",200.9699999999999,410,209.0300000000001
"Contoso Home Theater System 4.1 Channel M1400 White",200.48,409,208.52
"Contoso Home Theater System 4.1 Channel M1400 Brown",200.48,409,208.52
"Contoso Home Theater System 4.1 Channel M1400 Black",200.48,409,208.52
"Contoso Home Theater System 4.1 Channel M1400 Silver",200.48,409,208.52
"Contoso 8GB Clock & Radio MP3 Player X850 Green",200.09000000000012,299.2299999999998,99.13999999999999
"Contoso 8GB Clock & Radio MP3 Player X850 Blue",200.0900000000001,299.2299999999999,99.14000000000004
"Contoso 8GB Clock & Radio MP3 Player X850 Silver",200.0900000000001,299.22999999999996,99.14000000000004
"Contoso 8GB Clock & Radio MP3 Player X850 Black",200.0900000000001,299.2300000000001,99.14000000000003
"WWI Screen 113in M1610 Black",199.94000000000003,299,99.05999999999997
"Proseware Screen 113in X1609 Black",199.94000000000003,299,99.05999999999999
"Proseware Screen 113in X1609 White",199.94000000000003,299,99.05999999999997
"WWI Screen 113in M1610 White",199.94000000000003,299,99.06
"WWI Screen 113in M1610 Silver",199.94000000000003,299,99.05999999999999
"Proseware Screen 113in X1609 Silver",199.94000000000003,299,99.06
"SV Car Video LCD7 M7002 Black",199.31,369,169.69
"SV Car Video LCD7 M7002 Silver",199.30999999999997,369,169.69000000000003
"SV Car Video LCD7 M7003 Black",199.30999999999997,369,169.69000000000003
"SV Car Video LCD7 M7003 Silver",199.30999999999997,369,169.69000000000003
"WWI 4GB Video Recording Pen X200 Black",197.93000000000023,296,98.06999999999984
"WWI 4GB Video Recording Pen X200 Red",197.93000000000023,296,98.06999999999984
"WWI 4GB Video Recording Pen X200 Yellow",197.93000000000023,296,98.06999999999984
"WWI 4GB Video Recording Pen X200 Pink",197.9300000000002,296,98.06999999999985
"Fabrikam Laptop12W M2080 Silver",195.57999999999996,399,203.42000000000004
"A. Datum Super-zoom Digital Camera X300 Grey",193.92000000000004,290,96.08
"A. Datum Super-zoom Digital Camera X300 Pink",193.92000000000004,290,96.08
"A. Datum Super-zoom Digital Camera X300 Silver",193.92000000000004,290,96.08
"A. Datum Super-zoom Digital Camera X300 Black",193.92000000000004,290,96.08
"A. Datum Super-zoom Digital Camera X300 Green",193.92000000000004,290,96.08000000000001
"A. Datum Super-zoom Digital Camera X300 Azure",193.92000000000004,290,96.08
"A. Datum Super-zoom Digital Camera X300 Orange",193.92000000000004,290,96.08000000000001
"SV DVD 15-Inch Player Portable L200 White",193.90999999999988,289.9900000000006,96.07999999999994
"Contoso DVD 15-Inch Player Portable L200 White",193.90999999999988,289.99000000000063,96.07999999999994
"SV DVD 15-Inch Player Portable L200 Silver",193.90999999999988,289.99000000000046,96.07999999999994
"Contoso DVD 15-Inch Player Portable L200 Silver",193.90999999999988,289.9900000000006,96.07999999999994
"Contoso DVD 15-Inch Player Portable L200 Black",193.90999999999988,289.9900000000006,96.07999999999994
"SV DVD 15-Inch Player Portable L200 Black",193.90999999999988,289.9900000000006,96.07999999999994
"Contoso SLR Camera 35" M358 Grey",193.37000000000003,358,164.62999999999997
"Contoso SLR Camera 35" M358 Blue",193.37,358,164.63
"Contoso SLR Camera 35" M358 Pink",193.37,358,164.63
"Contoso SLR Camera 35" M358 Orange",193.36999999999998,358,164.63000000000002
"Contoso SLR Camera 35" M358 Silver",193.36999999999998,358,164.63000000000002
"Contoso SLR Camera 35" M358 Black",193.36999999999998,358,164.63000000000002
"Contoso SLR Camera 35" M358 Silver Grey",193.36999999999995,358,164.63000000000005
"Contoso SLR Camera 35" M358 Gold",193.36999999999995,358,164.63000000000005
"Fabrikam Laptop13.3W M3080 Red",190.67999999999995,389,198.32000000000005
"Litware 18'' Oscillating Pedestal Fan M135 Blue",189.05,350,160.95
"Litware 18'' Oscillating Pedestal Fan M135 White",189.05,350,160.95
"Litware 18'' Oscillating Pedestal Fan M135 Pink",189.05,350,160.95
"Litware 18'' Oscillating Pedestal Fan M135 Yellow",189.04999999999998,350,160.95000000000002
"Adventure Works 20" LCD HDTV M120 White",189.02000000000015,349.95000000000016,160.93000000000004
"Adventure Works 20" LCD HDTV M120 Brown",189.0200000000001,349.9500000000001,160.93
"Adventure Works 20" LCD HDTV M120 Silver",189.0200000000001,349.9500000000001,160.93
"Adventure Works 20" LCD HDTV M120 Black",189.02000000000004,349.95,160.92999999999995
"Fabrikam Laptop10.1 M0101 Silver",188.67000000000004,384.8999999999998,196.22999999999985
"WWI Desktop PC3.0 M0300 Black",188.50999999999956,349,160.4900000000002
"WWI Desktop PC3.0 M0300 Silver",188.50999999999954,349,160.49000000000024
"Fabrikam Laptop10.1 M0100 White",187.73999999999992,383,195.26000000000008
"Adventure Works Laptop12 M1201 Red",187.71,382.9499999999999,195.23999999999995
"Adventure Works Laptop12 M1200 Black",187.71,382.9499999999999,195.23999999999995
"WWI Laptop12 M0120 Black",187.71,382.9499999999999,195.23999999999995
"Adventure Works Laptop12 M1201 Silver",187.71,382.9499999999999,195.23999999999992
"Adventure Works Laptop12 M1201 Blue",187.71,382.9499999999999,195.23999999999992
"Proseware Laptop12 M210 Black",187.71,382.9499999999999,195.23999999999992
"Fabrikam Laptop12 M2001 Silver",187.71,382.9499999999999,195.23999999999992
"Adventure Works Laptop12 M1201 White",187.71,382.9499999999999,195.2399999999999
"Proseware Laptop12 M210 White",187.71,382.95000000000005,195.2399999999999
"WWI Laptop12 M0120 White",187.71,382.95,195.2399999999999
"Fabrikam Laptop13.3 M3000 Red",186.2600000000001,380,193.7399999999999
"Contoso SLR Camera M145 Blue",185.27,343,157.73
"Contoso SLR Camera M145 Pink",185.27,343,157.73
"WWI Floor Lamp M215 Grey",183.11,339,155.89
"Proseware Floor Lamp M0215 Blue",183.11,339,155.89
"Proseware Floor Lamp M0215 Black",183.11,339,155.89
"WWI Floor Lamp M215 White",183.11,339,155.89
"Contoso Home Theater System 5.1 Channel M1520 Black",183.11,339,155.89
"Adventure Works Floor Lamp M2150 Silver",183.11,339,155.89
"Proseware Floor Lamp M0215 White",183.11,339,155.89
"Adventure Works Floor Lamp M2150 Blue",183.11,339,155.89
"Litware Floor Lamp M2015 Silver",183.11,339,155.89
"Adventure Works Floor Lamp M2150 Grey",183.11,339,155.89
"Adventure Works Floor Lamp M2150 White",183.11,339,155.89
"WWI Floor Lamp M215 Black",183.11,339,155.89
"Proseware Floor Lamp M0215 Silver",183.11,339,155.89
"WWI Floor Lamp M215 Silver",183.11,339,155.89
"Contoso Home Theater System 5.1 Channel M1520 Brown",183.11,339,155.89
"WWI Floor Lamp M215 Blue",183.11,339,155.89
"Litware Floor Lamp M2015 Grey",183.11,339,155.89
"Contoso Home Theater System 5.1 Channel M1520 Silver",183.11,339,155.89
"Litware Floor Lamp M2015 White",183.11,339,155.89
"Litware Floor Lamp M2015 Black",183.11,339,155.89
"Contoso Home Theater System 5.1 Channel M1520 White",183.10999999999999,339,155.89000000000001
"A. Datum SLR Camera 35" M358 Pink",182.57000000000002,338,155.43
"A. Datum SLR Camera 35" M358 Grey",182.57000000000002,338,155.43
"A. Datum SLR Camera 35" M358 Orange",182.57000000000002,338,155.43
"A. Datum SLR Camera 35" M358 Silver Grey",182.57,338,155.43000000000004
"A. Datum SLR Camera 35" M358 Gold",182.57,338,155.43000000000004
"A. Datum SLR Camera 35" M358 Silver",182.57,338,155.43000000000004
"A. Datum SLR Camera 35" M358 Black",182.56999999999996,338,155.43000000000004
"A. Datum SLR Camera 35" M358 Blue",182.56999999999996,338,155.43000000000004
"Adventure Works Desktop PC1.80 ED180 Brown",180.86999999999995,369,188.13000000000008
"Adventure Works Desktop PC1.80 ED180 Black",180.86999999999983,369,188.1300000000002
"Adventure Works Desktop PC1.80 ED180 Silver",180.8699999999998,369,188.13000000000022
"Adventure Works Desktop PC1.80 ED180 White",180.86999999999978,369,188.13000000000025
"Fabrikam SLR Camera M147 Silver",180.41000000000003,334,153.58999999999997
"Fabrikam SLR Camera M147 Grey",180.41,334,153.59
"Fabrikam Laptop12 M2002 Red",180.38000000000008,368,187.61999999999992
"Fabrikam Laptop12 M2000 White",179.40000000000006,366,186.59999999999994
"Fabrikam SLR Camera M148 Gold",179.32000000000005,332,152.67999999999998
"Contoso SLR Camera M144 Gold",179.32000000000005,332,152.67999999999998
"Contoso SLR Camera M144 Silver Grey",179.32000000000002,332,152.68
"Fabrikam SLR Camera M148 Silver Grey",179.31999999999996,332,152.68000000000004
"A. Datum Interchangeable lens Non-SLR Digital Camera X250 Grey",179.21,268,88.78999999999998
"A. Datum Interchangeable lens Non-SLR Digital Camera X250 Azure",179.21,268,88.78999999999998
"A. Datum Interchangeable lens Non-SLR Digital Camera X250 Pink",179.21,268,88.78999999999998
"A. Datum Interchangeable lens Non-SLR Digital Camera X250 Orange",179.21,268,88.78999999999998
"A. Datum Interchangeable lens Non-SLR Digital Camera X250 Silver",179.21,268,88.78999999999998
"A. Datum Interchangeable lens Non-SLR Digital Camera X250 Green",179.21,268,88.78999999999998
"A. Datum Interchangeable lens Non-SLR Digital Camera X250 Black",179.21,268,88.78999999999998
"The Phone Company PDA Phone 3.7 inches M340 White",178.2399999999999,330,151.76000000000008
"The Phone Company PDA Phone 3.7 inches M340 Silver",178.2399999999999,330,151.76000000000005
"The Phone Company PDA Phone 3.7 inches M340 Black",178.23999999999984,330,151.76000000000013
"Fabrikam Laptop8.9 M0801 Silver",178.17999999999995,363.5,185.32000000000005
"SV Car Video LCD7 M7001 Brown",177.7,329,151.29999999999998
"SV Car Video LCD7 M7001 Black",177.7,329,151.29999999999998
"SV Car Video LCD7 M7001 Silver",177.69999999999996,329,151.3
"Fabrikam SLR Camera 35" M358 Orange",177.16000000000005,328,150.83999999999997
"Fabrikam SLR Camera 35" M358 Blue",177.16000000000005,328,150.83999999999997
"Fabrikam SLR Camera 35" M358 Black",177.16000000000005,328,150.83999999999997
"Fabrikam SLR Camera 35" M358 Silver Grey",177.16000000000005,328,150.83999999999997
"Fabrikam SLR Camera 35" M358 Green",177.16,328,150.84
"Fabrikam SLR Camera 35" M358 Gold",177.16,328,150.84
"Fabrikam SLR Camera 35" M358 Grey",177.16,328,150.84
"Fabrikam SLR Camera 35" M358 Silver",177.15999999999997,328,150.84000000000003
"Fabrikam SLR Camera 35" M358 Pink",177.15999999999997,328,150.84000000000003
"Contoso Home Theater System 2.1 Channel M1230 White",176.46,360,183.54
"Contoso Home Theater System 2.1 Channel M1230 Silver",176.46,360,183.54
"Contoso Home Theater System 2.1 Channel M1230 Brown",176.46,360,183.54
"Contoso Home Theater System 2.1 Channel M1230 Black",176.46,360,183.54
"Contoso SLR Camera M146 Orange",173.92000000000004,322,148.07999999999998
"Contoso DVD 14-Inch Player Portable L100 Silver",173.85000000000025,259.99000000000035,86.14000000000013
"Contoso DVD 14-Inch Player Portable L100 White",173.85000000000022,259.9900000000004,86.14000000000014
"Contoso DVD 14-Inch Player Portable L100 Black",173.8500000000001,259.9900000000005,86.14000000000009
"SV DVD 14-Inch Player Portable L100 Black",173.85000000000008,259.9900000000005,86.14000000000007
"SV DVD 14-Inch Player Portable L100 White",173.84999999999997,259.9900000000006,86.14000000000003
"SV DVD 14-Inch Player Portable L100 Silver",173.84999999999988,259.9900000000007,86.13999999999999
"Fabrikam SLR Camera M149 Blue",172.30000000000007,319,146.69999999999996
"Fabrikam SLR Camera M149 Pink",172.30000000000004,319,146.7
"Contoso 32GB Video MP3 Player M3200 Pink",170.51000000000013,255,84.48999999999998
"Contoso 32GB Video MP3 Player M3200 White",170.51000000000013,255,84.48999999999997
"Contoso 32GB Video MP3 Player M3200 Black",170.5100000000001,255,84.49
"Contoso 32GB Video MP3 Player M3200 Red",170.5100000000001,255,84.49
"Contoso 32GB Video MP3 Player M3200 Orange",170.51000000000008,255,84.49
"Contoso SLR Camera M142 Black",169.59999999999997,314,144.40000000000003
"A. Datum SLR Camera M140 Pink",168.52,312,143.48
"A. Datum SLR Camera M142 Orange",168.52,312,143.48
"A. Datum SLR Camera M139 Gold",168.52,312,143.48
"A. Datum SLR Camera M138 Silver Grey",168.52,312,143.48
"A. Datum SLR Camera M135 Black",168.52,312,143.48
"A. Datum SLR Camera M137 Grey",168.52,312,143.48
"A. Datum SLR Camera M141 Blue",168.52,312,143.48
"A. Datum SLR Camera M136 Silver",168.52,312,143.48
"Contoso Screen 106in M060 Black",167.84,251,83.16
"Contoso Screen 106in M060 White",167.84,251,83.15999999999998
"Contoso Screen 106in M060 Silver",167.83999999999997,251,83.15999999999998
"The Phone Company Smart phones Unlocked International M800 White",167.44000000000003,310,142.55999999999997
"The Phone Company Smart phones Unlocked International M800 Gold",167.44000000000003,310,142.55999999999997
"The Phone Company Smart phones Unlocked International M800 Grey",167.44,310,142.55999999999997
"The Phone Company PDA Wifi 3.7-inch M250 Silver",167.4399999999999,310,142.56000000000003
"The Phone Company Smart phones Unlocked International M800 Pink",167.4399999999999,310,142.56000000000003
"The Phone Company PDA Wifi 3.7-inch M250 White",167.4399999999999,310,142.56000000000003
"The Phone Company Smart phones Unlocked International M800 Black",167.43999999999988,310,142.5600000000001
"The Phone Company PDA Wifi 3.7-inch M250 Black",167.43999999999988,310,142.5600000000001
"WWI Wireless Transmitter and Bluetooth Headphones X250 Blue",167.1599999999999,249.99,82.82999999999996
"WWI Wireless Transmitter and Bluetooth Headphones X250 Silver",167.1599999999999,249.99000000000018,82.82999999999996
"WWI Wireless Transmitter and Bluetooth Headphones X250 Black",167.1599999999999,249.99000000000015,82.82999999999996
"WWI Wireless Transmitter and Bluetooth Headphones X250 Red",167.15999999999988,249.9900000000005,82.82999999999994
"WWI Wireless Transmitter and Bluetooth Headphones X250 White",167.15999999999988,249.99000000000026,82.82999999999994
"The Phone Company Touch Screen Phones Capacitive M908 Gold",166.35999999999993,308,141.6400000000001
"The Phone Company Touch Screen Phones Capacitive M908 Black",166.35999999999993,308,141.6400000000001
"Contoso Touch Screen Phones Capacitive M908 Black",166.3599999999999,308,141.6400000000001
"The Phone Company Touch Screen Phones Capacitive M908 Grey",166.35999999999987,308,141.64000000000007
"Proseware High-Performance Business-Class Laser Fax X200 Black",165.82999999999996,248,82.16999999999999
"Proseware High-Performance Business-Class Laser Fax X200 Green",165.82999999999996,248,82.17
"Proseware High-Performance Business-Class Laser Fax X200 White",165.82999999999996,248,82.17000000000002
"Proseware High-Performance Business-Class Laser Fax X200 Grey",165.82999999999996,248,82.17
"Fabrikam Laptop8.9W E0880 Silver",164.7,336,171.30000000000004
"Contoso SLR Camera M143 Silver",164.20000000000002,304,139.79999999999998
"Contoso SLR Camera M143 Grey",164.2,304,139.79999999999998
"Fabrikam SLR Camera M146 Black",163.11999999999998,302,138.88000000000002
"The Phone Company Sharp Touch Screen Phones M910 Gold",162.57999999999996,301,138.42000000000004
"The Phone Company Sharp Touch Screen Phones M910 Grey",162.57999999999996,301,138.42000000000004
"Contoso Sharp Touch Screen Phones M910 Black",162.57999999999996,301,138.42000000000004
"The Phone Company Sharp Touch Screen Phones M910 Black",162.57999999999996,301,138.42000000000004
"The Phone Company Touch Screen Phones Infrared M901 Gold",162.04000000000016,300,137.95999999999995
"The Phone Company Touch Screen Phones Infrared M901 Black",162.04000000000002,300,137.96
"The Phone Company Touch Screen Phones Infrared M901 Grey",162.04,300,137.96
"Contoso Touch Screen Phones Infrared M901 Black",162.04,300,137.96
"The Phone Company Smart phones Expert M400 Gold",162.04,300,137.96
"The Phone Company Smart phones Expert M400 Black",162.04,300,137.96
"The Phone Company Smart phones Expert M400 White",162.04,300,137.96
"The Phone Company Smart phones Expert M400 Grey",162.04,300,137.96
"The Phone Company Smart phones Expert M400 Pink",162.04,300,137.96
"Fabrikam Laptop14.1 E4101 Red",161.76000000000002,330,168.23999999999998
"Contoso Screen 113in M251 White",161.5,299,137.5
"The Phone Company PDA Palm 3.7 inch M830 Silver",161.5,299,137.5
"Contoso Screen 113in M251 Silver",161.5,299,137.5
"The Phone Company PDA Phone 3.5 inches M320 Silver",161.5,299,137.5
"The Phone Company Touch Screen Phones SAW/Built-in M801 Black",161.5,299,137.5
"Contoso Screen 113in M251 Black",161.5,299,137.5
"The Phone Company PDA Phone 3.5 inches M320 Black",161.5,299,137.5
"The Phone Company PDA Palm 3.7 inch M830 White",161.5,299,137.5
"The Phone Company Touch Screen Phones SAW/Built-in M801 Grey",161.5,299,137.5
"The Phone Company PDA Palm 3.7 inch M830 Black",161.5,299,137.5
"The Phone Company Touch Screen Phones SAW/Built-in M801 Gold",161.5,299,137.5
"The Phone Company PDA Phone 3.5 inches M320 White",161.5,299,137.5
"Contoso Home Theater System 2.1 Channel M1210 Brown",161.27,329,167.73
"Contoso Home Theater System 4.1 Channel M1410 Silver",161.27,329,167.73
"Contoso Home Theater System 2.1 Channel M1210 White",161.27,329,167.73
"Contoso Home Theater System 2.1 Channel M1210 Silver",161.27,329,167.73
"Contoso Home Theater System 4.1 Channel M1410 Black",161.27,329,167.73
"Contoso Home Theater System 2.1 Channel M1210 Black",161.27,329,167.73
"Contoso Home Theater System 4.1 Channel M1410 Brown",161.27,329,167.73
"Contoso Home Theater System 4.1 Channel M1410 White",161.27,329,167.73
"The Phone Company PDA GPS Phone 3.7 inch M930 Black",160.96,298,137.04
"The Phone Company PDA GPS Phone 3.7 inch M930 Silver",160.96,298,137.04
"Adventure Works Laptop8.9 E0890 Black",159.8000000000001,326,166.1999999999999
"Proseware Laptop8.9 E089 Black",159.80000000000007,326,166.19999999999993
"WWI Laptop8.9 E0089 Black",159.80000000000007,326,166.19999999999993
"Adventure Works Laptop8.9 E0890 White",159.80000000000007,326,166.19999999999993
"Fabrikam Laptop8.9 E8002 Red",159.80000000000007,326,166.19999999999993
"Proseware Laptop8.9 E089 White",159.80000000000004,326,166.19999999999996
"Adventure Works Laptop8.9 E0890 Silver",159.80000000000004,326,166.19999999999996
"Adventure Works Laptop8.9 E0890 Red",159.80000000000004,326,166.19999999999996
"WWI Laptop8.9 E0089 White",159.80000000000004,326,166.19999999999996
"Contoso Touch Screen Phones SAW/On-wall M806 Black",158.26000000000016,293,134.73999999999984
"The Phone Company Touch Screen Phones SAW/On-wall M806 Black",158.26000000000016,293,134.73999999999987
"The Phone Company Touch Screen Phones SAW/On-wall M806 Gold",158.26000000000016,293,134.73999999999984
"The Phone Company Touch Screen Phones SAW/On-wall M806 Grey",158.26000000000016,293,134.73999999999987
"Proseware Slim-Design Fax Machine with Answering System X180 Black",157.80999999999997,236,78.19000000000003
"Proseware Slim-Design Fax Machine with Answering System X180 Green",157.80999999999997,236,78.19000000000003
"Proseware Slim-Design Fax Machine with Answering System X180 White",157.80999999999997,236,78.19000000000001
"Proseware Slim-Design Fax Machine with Answering System X180 Grey",157.80999999999997,236,78.19000000000003
"Fabrikam Laptop8.9 E0800 Silver",156.84999999999997,320,163.15000000000003
"The Phone Company Pen Touch Screen Phones-2.6" M320 Black",156.64000000000013,290,133.35999999999993
"The Phone Company Pen Touch Screen Phones M320 Gold",156.6400000000001,290,133.3599999999999
"Contoso Pen Touch Screen Phones M320 Black",156.6400000000001,290,133.35999999999993
"The Phone Company Pen Touch Screen Phones M320 Grey",156.64000000000004,290,133.3599999999999
"SV Car Video TFT7 M7002 Black",156.36000000000004,319,162.63999999999996
"SV Car Video TFT7 M7002 Brown",156.36,319,162.64
"SV Car Video TFT7 M7002 Silver",156.36,319,162.64
"The Phone Company Touch Screen Phones 4-Wire/On-wall M302 Black",156.10000000000016,289,132.89999999999986
"The Phone Company Touch Screen Phones 4-Wire/On-wall M302 Gold",156.10000000000016,289,132.89999999999986
"The Phone Company Touch Screen Phones 4-Wire/On-wall M302 Grey",156.10000000000008,289,132.89999999999995
"The Phone Company Smart phones -320 x 320 M86 Black",155.56000000000014,288,132.4399999999999
"The Phone Company Smart phones 320 x 320 M86 Pink",155.56000000000012,288,132.43999999999994
"The Phone Company Smart phones 320 x 320 M86 Grey",155.56000000000006,288,132.43999999999997
"The Phone Company Smart phones 320 x 320 M86 White",155.56000000000003,288,132.44000000000003
"The Phone Company Smart phones 320 x 320 M86 Gold",155.56000000000003,288,132.44000000000003
"A. Datum Full Frame Digital Camera X300 Grey",154.47,231,76.52999999999999
"A. Datum Full Frame Digital Camera X300 Green",154.47,231,76.52999999999999
"A. Datum Full Frame Digital Camera X300 Azure",154.47,231,76.52999999999999
"A. Datum Full Frame Digital Camera X300 Silver",154.47,231,76.52999999999999
"A. Datum Full Frame Digital Camera X300 Silver Grey",154.47,231,76.52999999999999
"A. Datum Full Frame Digital Camera X300 Orange",154.46999999999997,231,76.52999999999999
"A. Datum Full Frame Digital Camera X300 Pink",154.46999999999997,231,76.52999999999999
"A. Datum Full Frame Digital Camera X300 Black",154.46999999999994,231,76.52999999999999
"Contoso Laptop Keyboard X105 White",154.40000000000003,230.90000000000006,76.5
"Contoso Laptop Keyboard X105 Silver",154.4,230.9,76.5
"Contoso Laptop Keyboard X105 Brown",154.4,230.9,76.5
"Contoso Laptop Keyboard X105 Black",154.4,230.90000000000003,76.5
"Proseware Professional Quality Plain-Paper Fax and Copier X100 Black",153.13000000000005,229,75.87
"Proseware Professional Quality Plain-Paper Fax and Copier X100 Grey",153.13000000000005,229,75.86999999999998
"Proseware Professional Quality Plain-Paper Fax and Copier X100 White",153.13000000000002,229,75.87
"Proseware Professional Quality Plain-Paper Fax and Copier X100 Green",153.12999999999997,229,75.87
"Proseware Color Ink Jet Fax with 5.8 GHz Cordless Handset X250 White",152.46,228,75.53999999999999
"Proseware Color Inkjet Fax with 5.8 GHz Cordless Handset X250 Black",152.46,228,75.53999999999999
"Proseware Color Ink Jet Fax with 5.8 GHz Cordless Handset X250 Green",152.46,228,75.53999999999999
"Proseware Color Ink Jet Fax with 5.8 GHz Cordless Handset X250 Grey",152.46,228,75.54
"SV Car Video TFT7 M7001 Black",151.46,309,157.54
"SV Car Video TFT7 M7001 Silver",151.46,309,157.54
"SV Car Video TFT7 M7001 Brown",151.46,309,157.54
"The Phone Company PDA Palm 3.5 inch M810 White",151.23999999999992,280,128.76000000000008
"The Phone Company PDA Wifi 3.5-inch M200 Silver",151.2399999999999,280,128.7600000000001
"The Phone Company PDA Wifi 3.5-inch M200 White",151.2399999999999,280,128.7600000000001
"The Phone Company PDA Palm 3.5 inch M810 Black",151.2399999999999,280,128.7600000000001
"The Phone Company PDA Wifi 3.5-inch M200 Black",151.23999999999987,280,128.76000000000013
"The Phone Company PDA Palm 3.5 inch M810 Silver",151.23999999999987,280,128.76000000000013
"Adventure Works 19" Portable LCD HDTV M110 Silver",151.22999999999996,279.98999999999984,128.7600000000001
"Adventure Works 19" Portable LCD HDTV M110 Black",151.22999999999993,279.98999999999984,128.7600000000001
"Adventure Works 19" Portable LCD HDTV M110 White",151.2299999999999,279.98999999999984,128.76000000000013
"Proseware LCD20W M230 Black",150.70000000000002,279,128.29999999999998
"Adventure Works LCD20W M240 Black",150.7,279,128.29999999999998
"Proseware LCD20W M230 White",150.69999999999996,279,128.3
"WWI LCD20W M250 White",150.69999999999996,279,128.30000000000004
"Adventure Works LCD20W M240 White",150.69999999999996,279,128.30000000000004
"WWI LCD20W M250 Black",150.69999999999993,279,128.30000000000004
"Adventure Works 15.6" LCD TV M130W Brown",147.05000000000013,299.98999999999984,152.93999999999988
"Adventure Works 15.6" LCD TV M130W White",147.05000000000013,299.98999999999984,152.93999999999986
"Adventure Works 15.6" LCD TV M130W Silver",147.0500000000001,299.98999999999984,152.93999999999994
"Adventure Works 15.6" LCD TV M130W Black",147.0500000000001,299.98999999999984,152.93999999999994
"Proseware Air conditioner 7000BTU E260 Silver",147.05,299.99,152.94
"Contoso Air conditioner 7000BTU E0260 White",147.05,299.99,152.94
"Fabrikam Refrigerator 4.6CuFt E2800 Orange",147.05,299.9899999999999,152.94000000000003
"Contoso Air conditioner 7000BTU E0260 Grey",147.05,299.99,152.94
"Litware Refrigerator 4.6CuFt E280 Silver",147.05,299.99,152.94
"Fabrikam Refrigerator 4.6CuFt E2800 Brown",147.05,299.99,152.94
"Proseware Air conditioner 7000BTU E260 Grey",147.05,299.99,152.94
"Contoso Air conditioner 7000BTU E0260 Silver",147.05,299.99,152.94
"Litware Refrigerator 4.6CuFt E280 Grey",147.05,299.99,152.94
"Litware Refrigerator 4.6CuFt E280 Brown",147.05,299.99,152.94
"Proseware Air conditioner 7000BTU E260 Red",147.05,299.99,152.94
"Contoso Air conditioner 7000BTU E0260 Red",147.05,299.99,152.94
"Fabrikam Refrigerator 4.6CuFt E2800 Green",147.04999999999998,299.99,152.94000000000003
"Proseware Air conditioner 7000BTU E260 White",147.04999999999998,299.98999999999995,152.94000000000003
"Litware Refrigerator 4.6CuFt E280 Orange",147.04999999999998,299.98999999999995,152.94000000000003
"Fabrikam Refrigerator 4.6CuFt E2800 Blue",147.04999999999998,299.99,152.94000000000003
"Contoso Air conditioner 7000BTU E0260 Blue",147.04999999999998,299.99,152.94000000000003
"Fabrikam Refrigerator 4.6CuFt E2800 Silver",147.04999999999998,299.99,152.94000000000003
"Litware Refrigerator 4.6CuFt E280 White",147.04999999999998,299.99000000000007,152.94000000000003
"Litware Refrigerator 4.6CuFt E280 Green",147.04999999999998,299.99000000000007,152.94000000000003
"Fabrikam Refrigerator 4.6CuFt E2800 Grey",147.04999999999998,299.98999999999995,152.94000000000003
"Fabrikam Refrigerator 4.6CuFt E2800 White",147.04999999999998,299.99000000000007,152.94000000000003
"Litware Refrigerator 4.6CuFt E280 Blue",147.04999999999998,299.98999999999995,152.94000000000003
"Litware Home Theater System 2.1 Channel E212 Brown",146.99999999999997,299.9,152.9
"Litware Home Theater System 2.1 Channel E212 Silver",146.99999999999997,299.9,152.9
"WWI Desktop PC1.80 E1802 White",146.99999999999997,299.90000000000083,152.90000000000018
"Litware Home Theater System 2.1 Channel E212 Black",146.99999999999997,299.9,152.9
"Contoso Home Theater System 2.1 Channel E1200 Silver",146.56,299,152.44
"Contoso Home Theater System 2.1 Channel E1200 Black",146.56,299,152.44
"Litware Home Theater System 2.1 Channel E210 Silver",146.56,299,152.44
"Contoso Home Theater System 2.1 Channel E1200 Brown",146.56,299,152.44
"Litware Home Theater System 2.1 Channel E210 Brown",146.56,299,152.44
"Litware Home Theater System 2.1 Channel E210 Black",146.56,299,152.44
"Contoso Home Theater System 2.1 Channel E1200 White",146.56,299,152.44
"SV Car Video TFT7 M7000 Brown",146.55999999999997,299,152.44000000000003
"SV Car Video TFT7 M7000 Black",146.55999999999997,299,152.44000000000003
