"Product Name",Total_Quantity_Sold,Total_Revenue
"WWI Desktop PC2.33 X2330 Black",550,505450
"Adventure Works Desktop PC2.33 XD233 Silver",481,466089
"Adventure Works Desktop PC2.33 XD233 Brown",479,464151
"Adventure Works Desktop PC2.33 XD233 Black",462,447678
"Adventure Works Desktop PC2.33 XD233 White",451,437019
"WWI Desktop PC2.33 X2330 White",462,424578
"WWI Desktop PC2.33 X2330 Brown",460,422740
"Adventure Works 52" LCD HDTV X590 White",136,394398.63999999996
"Adventure Works 52" LCD HDTV X590 Black",129,374098.7099999999
"WWI Desktop PC2.33 X2330 Silver",392,360248
"Adventure Works 52" LCD HDTV X590 Silver",122,353798.78
"Adventure Works Desktop PC2.30 MD230 White",521,312079
"Adventure Works 52" LCD HDTV X590 Brown",107,310298.93
"Adventure Works Desktop PC2.30 MD230 Black",514,307886
"Adventure Works Desktop PC2.30 MD230 Silver",480,287520
"WWI Desktop PC2.30 M2300 Brown",458,256022
"WWI Desktop PC2.30 M2300 Silver",456,254904
"WWI Desktop PC2.30 M2300 White",448,250432
"Adventure Works Desktop PC2.30 MD230 Brown",405,242959.4999999999
"Adventure Works Desktop PC1.80 ED182 Silver",477,238452.2999999999
"Contoso Water Heater 7.2GPM X1800 Silver",157,231575
"Adventure Works Desktop PC3.0 MS300 Black",476,223244
"Adventure Works Desktop PC1.80 ED182 Brown",439,219456.1
"Adventure Works Desktop PC3.0 MS300 Silver",464,217616
"Contoso Water Heater 7.2GPM X1800 Green",147,216825
"WWI Desktop PC2.30 M2300 Black",386,215774
"Contoso Water Heater 7.2GPM X1800 White",141,207975
"Contoso Water Heater 7.2GPM X1800 Grey",138,203550
"Adventure Works Desktop PC1.80 ED182 White",400,199959.9999999998
"Contoso Water Heater 7.2GPM X1800 Red",135,199125
"Adventure Works 52" LCD HDTV X790W Brown",125,199025
"Adventure Works Desktop PC1.80 ED182 Black",392,195960.7999999999
"Adventure Works Desktop PC1.80 ED180 Black",520,191880
"Proseware Projector 1080p DLP86 Black",76,189924
"Adventure Works 52" LCD HDTV X790W White",119,189471.80000000002
"Adventure Works Desktop PC1.80 ED180 Silver",493,181917
"Contoso Water Heater 4.3GPM M1250 Grey",207,181642.5
"Adventure Works Desktop PC1.80 ED180 White",490,180810
"Contoso Water Heater 4.3GPM M1250 White",194,170235
"Adventure Works 37" 1080p LCD HDTV M150W White",152,167198.48000000007
"Contoso Water Heater 4.3GPM M1250 Green",186,163215
"Proseware Projector 1080p LCD86 Black",71,162945
"Adventure Works 52" LCD HDTV X790W Silver",102,162404.39999999997
"Contoso Water Heater 7.2GPM X1800 Blue",110,162250
"Adventure Works 37" 1080p LCD HDTV M150W Silver",147,161698.53000000003
"WWI Desktop PC3.0 M0300 Black",453,158097
"Contoso Water Heater 4.0GPM M1250 Silver",190,150290
"WWI Projector 1080p DLP86 White",59,147441
"Fabrikam Refrigerator 24.7CuFt X9800 Grey",46,147199.54
"Fabrikam Refrigerator 24.7CuFt X9800 White",46,147199.54
"WWI Desktop PC3.0 M0300 Silver",421,146929
"Proseware Projector 1080p LCD86 White",64,146880
"Contoso Projector 1080p X981 Black",57,142443
"WWI Projector 1080p DLP86 Black",57,142443
"Adventure Works Desktop PC1.60 ED160 Black",521,140643.94999999987
"Contoso Projector 1080p X981 Silver",56,139944
"WWI Desktop PC1.80 E1802 White",464,139153.6
"Adventure Works Desktop PC1.80 ED180 Brown",376,138744
"Contoso Projector 1080p X980 Silver",60,137700
"Contoso Projector 1080p X980 White",60,137700
"Adventure Works Desktop PC1.60 ED160 White",505,136324.7499999999
"WWI Desktop PC1.80 E1801 Black",505,136299.4999999999
"WWI Projector 1080p LCD86 Black",59,135405
"WWI Projector 1080p DLP86 Silver",54,134946
"WWI Projector 1080p LCD86 Silver",58,133110
"Contoso Water Heater 4.0GPM M1250 White",168,132888
"Fabrikam Independent Filmmaker 1/3'' 8.5mm X200 Grey",85,132600
"Contoso Water Heater 4.3GPM M1250 Blue",149,130747.5
"Adventure Works 37" 1080p LCD HDTV M150W Black",118,129798.82000000002
"WWI Projector 1080p LCD86 White",56,128520
"Adventure Works 52" LCD HDTV X790W Black",79,125783.8
"Adventure Works 40" LCD HDTV M690 Brown",106,125606.82000000007
"WWI Desktop PC1.80 E1800 White",538,123686.19999999998
"Adventure Works Desktop PC1.60 ED160 Brown",455,122827.24999999993
"Contoso Water Heater 4.0GPM M1250 Blue",154,121814
"The Phone Company Touch Screen Phone 1600 TFT-1.4" L250 Gold",201,118389
"Adventure Works 37" 1080p LCD HDTV M150W Brown",106,116598.94000000003
"Adventure Works Desktop PC1.60 ED160 Silver",430,116078.4999999999
"WWI Desktop PC1.80 E1801 Brown",428,115517.19999999998
"Adventure Works 40" LCD HDTV M690 Black",97,114942.09000000005
"WWI Desktop PC1.80 E1801 Silver",415,112008.49999999999
"WWI Desktop PC1.60 E1600 Black",509,111954.54999999992
"WWI Desktop PC1.60 E1600 Silver",507,111514.64999999994
"Contoso Water Heater 4.3GPM M1250 Yellow",127,111442.5
"Contoso Water Heater 4.3GPM M1250 Silver",127,111442.5
"WWI Desktop PC1.60 E1600 Red",505,111074.74999999993
"WWI Desktop PC1.80 E1801 White",409,110389.09999999995
"WWI Desktop PC1.80 E1800 Silver",480,110351.99999999997
"The Phone Company Touch Screen Phone 1600 TFT-1.4" L250 Black",187,110143
"WWI 4GB Video Recording Pen X200 Yellow",370,109520
"Adventure Works 40" LCD HDTV M690 Silver",92,109017.24000000003
"Fabrikam Refrigerator 24.7CuFt X9800 Silver",34,108799.66
"WWI 4GB Video Recording Pen X200 Black",366,108336
"Proseware Projector 1080p DLP86 White",43,107457
"Contoso Water Heater 4.0GPM M1250 Green",135,106785
"Litware Refrigerator L1200 Orange",33,105599.67000000001
"Fabrikam Refrigerator 24.7CuFt X9800 Orange",33,105599.67
"The Phone Company Touch Screen Phone 1600 TFT-1.4" L250 Grey",177,104253
"Contoso Water Heater 4.0GPM M1250 Grey",130,102830
"WWI Laptop19W X0196 Blue",79,102621
"Litware Refrigerator 24.7CuFt X980 Silver",32,102399.68
"Adventure Works 42" LCD HDTV M55 Black",134,102310.33999999998
"SV DVD 14-Inch Player Portable L100 Silver",391,101656.09000000007
"Adventure Works Laptop19W X1980 White",77,100023
"Adventure Works 40" LCD HDTV M690 White",84,99537.48000000004
"Fabrikam Refrigerator 24.7CuFt X9800 Green",31,99199.69
"Contoso Water Heater 2.6GPM E0900 Silver",195,99060
"Proseware Projector 1080p LCD86 Silver",43,98685
"SV DVD 15-Inch Player Portable L200 Black",340,98596.59999999999
"WWI 4GB Video Recording Pen X200 Red",328,97088
"The Phone Company Touch Screen Phone 1600 TFT-2.2" L200 Black",182,96278
"Contoso DVD 15-Inch Player Portable L200 Black",331,95986.69000000005
"Contoso DVD 15-Inch Player Portable L200 White",329,95406.71000000002
"Contoso Water Heater 2.6GPM E0900 Blue",186,94488
"Contoso DVD 15-Inch Player Portable L200 Silver",325,94246.75000000003
"WWI LCD24W X300 Black",108,93852
"Proseware Laptop19W X910 White",72,93528
"WWI Desktop PC1.60 E1600 White",424,93258.7999999999
"Litware Refrigerator 24.7CuFt X980 Green",29,92799.71
"Contoso DVD 14-Inch Player Portable L100 Black",349,90736.51000000002
"WWI 4GB Video Recording Pen X200 Pink",304,89984
"Contoso Water Heater 4.0GPM M1250 Red",112,88592
"SV DVD 14-Inch Player Portable L100 White",340,88396.60000000011
"SV DVD 15-Inch Player Portable L200 Silver",303,87866.97000000002
"Contoso Water Heater 4.3GPM M1250 Red",100,87750
"WWI Desktop PC1.80 E1800 Black",377,86672.3
"Fabrikam Refrigerator 24.7CuFt X9800 Blue",27,86399.72999999998
"Adventure Works Laptop19W X1980 Silver",64,83136
"Adventure Works Laptop19 X1900 Black",64,83136
"Litware Washer & Dryer 27in L420 Green",31,82212
"Adventure Works Laptop19W X1980 Red",63,81837
"SV DVD Recorder L210 Silver",372,81468
"Contoso DVD Recorder L230 Grey",371,81249
"Fabrikam Independent Filmmaker 1" 25mm X400 Blue",50,81000
"Fabrikam Trendsetter 2/3'' 17mm X100 White",82,80360
"WWI Desktop PC1.80 E1800 Brown",348,80005.20000000004
"Contoso Projector 1080p X981 White",32,79968
"The Phone Company Touch Screen Phone 1600 TFT-2.2" L200 Grey",151,79879
"SV DVD 14-Inch Player Portable L100 Black",306,79556.94000000005
"Contoso DVD 14-Inch Player Portable L100 White",305,79296.95000000001
"Contoso DVD 14-Inch Player Portable L100 Silver",304,79036.95999999998
"Adventure Works 32" LCD HDTV M130 Black",158,78998.42000000004
"SV DVD Recorder L240 Gold",355,77745
"Litware Refrigerator 24.7CuFt X980 Grey",24,76799.76000000001
"Litware Refrigerator 24.7CuFt X980 Brown",24,76799.76
"Fabrikam Independent filmmaker 1/2'' 3mm X300 White",48,75840
"Proseware Laptop19 X910 Black",58,75342
"SV DVD 15-Inch Player Portable L200 White",257,74527.43000000004
"WWI Wireless Transmitter and Bluetooth Headphones X250 Red",296,73997.04000000011
"Fabrikam Refrigerator 24.7CuFt X9800 Brown",23,73599.77
"WWI Wireless Transmitter and Bluetooth Headphones X250 White",292,72997.08000000003
"Fabrikam Independent Filmmaker 2/3'' 17mm X100 Grey",48,72960
"Adventure Works Laptop19W X1980 Blue",56,72744
"SV DVD 12-Inch Player Portable M400 White",401,72175.99000000002
"Litware Washer & Dryer 27in L420 White",27,71604
"Contoso Water Heater 2.6GPM E0900 Green",140,71120
"Adventure Works Coffee Maker Super-Auto 12C X125 White",43,70950
"Fabrikam Trendsetter 1/3'' 8.5mm X200 Black",71,70929
"Fabrikam Laptop19W M9800 Black",59,70741
"Fabrikam Independent Filmmaker 1/2" 3mm X300 Orange",44,69520
"WWI Wireless Transmitter and Bluetooth Headphones X250 Silver",277,69247.23000000001
"WWI 2GB Pulse Smart pen M100 Blue",345,68982.75
"Contoso DVD Recorder L200 Black",313,68547
"Fabrikam Coffee Maker Super-Auto 12C X125 White",41,67650
"Contoso Coffee Maker Super-Auto 12C X1250 White",41,67650
"Contoso Coffee Maker Super-Auto 12C X1250 Black",41,67650
"Litware Washer & Dryer 25.5in M350 Green",34,67626
"Proseware Projector 1080p DLP86 Silver",27,67473
"WWI 1GB Digital Voice Recorder Pen E100 Black",431,67236
"The Phone Company Touch Screen Phones Infrared M901 Gold",224,67200
"WWI Laptop15.4W M0156 Black",88,66704
"Contoso DVD 12-Inch Player Portable M400 Silver",370,66596.30000000003
"WWI Wireless Transmitter and Bluetooth Headphones X250 Black",266,66497.34000000001
"Fabrikam Coffee Maker Super-Auto 12C X125 Silver",40,66000
"Contoso DVD Recorder L210 Silver",300,65700
"NT Washer & Dryer 25.5in M2550 Blue",33,65666.70000000001
"Fabrikam Independent Filmmaker 1'' 25mm X400 Black",41,65600
"Fabrikam Independent Filmmaker 1/3'' 8.5mm X200 Black",42,65520
"Litware Washer & Dryer 24in M260 Silver",36,65448
"Proseware LCD24W X300 Black",75,65175
"Fabrikam Trendsetter 1/3" 8.5mm X200 Blue",65,64870
"SV DVD Recorder L220 White",296,64824
"Proseware LCD24 X300 Black",79,64701
"SV DVD Recorder L230 Grey",295,64605
"Contoso Projector 1080p X980 Black",28,64260
"Fabrikam Business Videographer 1'' 25mm M600 White",72,64080
"WWI 2GB Spy Video Recorder Pen M300 Purple",353,63893
"NT Washer & Dryer 27in L2700 Silver",24,63669.600000000006
"WWI 2GB Pulse Smart pen M100 White",318,63584.09999999995
"SV DVD Recorder L200 Black",290,63510
"Contoso Water Heater 2.6GPM E0900 Red",125,63500
"WWI LCD24 X300 White",77,63063
"Fabrikam Independent Filmmaker 2/3'' 17mm X100 Black",42,63000
"Adventure Works 26" 720p LCD HDTV M140 Black",134,62975.980000000025
"Adventure Works Laptop15.4W M1548 Black",83,62914
"Fabrikam Trendsetter 2/3'' 17mm X100 Grey",64,62720
"Fabrikam Independent filmmaker 1/3'' 8.5mm X200 White",40,62400
"Fabrikam Independent filmmaker 1'' 25mm X400 White",39,62400
"Contoso DVD Recorder L220 White",283,61977
"WWI 2GB Pulse Smart pen M100 Black",308,61584.6
"WWI 2GB Spy Video Recorder Pen M300 Black",340,61540
"WWI 1GB Digital Voice Recorder Pen E100 Red",388,60528
"Adventure Works 32" LCD HDTV M130 Brown",121,60498.790000000015
"SV DVD 12-Inch Player Portable M400 Black",336,60476.640000000014
"The Phone Company Touch Screen Phone 1600 TFT-2.2" L200 Gold",113,59777
"WWI Laptop19W X0196 Black",46,59754
"Contoso DVD Recorder L240 Gold",271,59349
"Fabrikam Independent Filmmaker 1/2'' 3mm X300 Black",38,59280
"Contoso DVD 12-Inch Player Portable M400 Black",329,59216.71000000002
"Fabrikam Trendsetter 1'' 25mm X400 White",59,59000
"Fabrikam Business Videographer 1/2'' 3mm M500 Grey",67,58960
"WWI 2GB Spy Video Recorder Pen M300 Silver",324,58644
"Contoso Washer & Dryer 24in M240 Silver",32,58176
"Fabrikam Laptop17 M7000 Black",71,58149
"Fabrikam Trendsetter 1/2" 3mm X300 Orange",58,58000
"NT Washer & Dryer 25.5in M2550 White",29,57707.100000000006
"The Phone Company Touch Screen Phones Infrared M901 Grey",192,57600
"The Phone Company Sharp Touch Screen Phones M910 Grey",190,57190
"WWI 2GB Spy Video Recorder Pen M300 Blue",314,56834
"Contoso DVD 9-Inch Player Portable M300 Black",355,56796.45000000002
"The Phone Company Touch Screen Phones 4-Wire/ Built-in M205 Grey",210,56280
"The Phone Company Sharp Touch Screen Phones M910 Gold",186,55986
"The Phone Company Touch Screen Phones 5-Wire/On-wall M508 Gold",217,55986
"Litware Refrigerator 19CuFt M760 Grey",62,55738
"NT Washer & Dryer 27in L2700 White",21,55710.9
"WWI Laptop16 M0160 Black",93,55707
"WWI 1GB Digital Voice Recorder Pen E100 White",357,55692
"Fabrikam Laptop14.1 M4100 White",95,55670
"Adventure Works 32" LCD HDTV M130 Silver",111,55498.89000000002
"Contoso Water Heater 2.6GPM E0900 Grey",109,55372
"SV DVD 12-Inch Player Portable M400 Silver",307,55256.92999999999
"Adventure Works Laptop16 M1601 White",92,55108
"The Phone Company Pen Touch Screen Phones M320 Gold",190,55100
"WWI Wireless Transmitter and Bluetooth Headphones X250 Blue",220,54997.80000000002
"Fabrikam Laptop19 M9000 Black",50,54950
"Fabrikam Trendsetter 1/2'' 3mm X300 White",55,54945
"The Phone Company Touch Screen Phones 4-Wire/On-wall M302 Black",189,54621
"The Phone Company Touch Screen Phones SAW/Built-in M801 Gold",182,54418
"Fabrikam Independent Filmmaker 1'' 25mm X400 Grey",34,54400
"Contoso Projector 720p M621 Black",54,53946
"Contoso DVD 9-Inch Player Portable M300 Silver",336,53756.64
"Contoso Touch Screen Phones 4-Wire/ Built-in M205 Black",200,53600
"The Phone Company Touch Screen Phones Capacitive M908 Gold",174,53592
"Adventure Works 26" 720p LCD HDTV M140 Brown",114,53576.58000000002
"Contoso Touch Screen Phones 5-Wire/Built-in M500 Black",209,53504
"Fabrikam Business Videographer 1'' 25mm M600 Grey",60,53400
"Contoso DVD 9-Inch Player Portable M300 White",333,53276.67000000004
"WWI 1GB Pulse Smart pen E50 Silver",355,53232.24999999999
"Contoso Touch Screen Phones Infrared M901 Black",177,53100
"The Phone Company Touch Screen Phones 26-1.4" M250 Gold",196,52528
"Proseware LCD22W M2001 Black",77,52283
"WWI Laptop19W X0196 White",40,51960
"Contoso Projector 720p M621 Silver",52,51948
"WWI Projector 720p DLP56 Silver",52,51948
"Contoso Water Heater 2.6GPM E0900 White",102,51816
"WWI 2GB Spy Video Recorder Pen M300 White",284,51404
"WWI LCD22 M2002 Black",83,51377
"The Phone Company Touch Screen Phones - LCD M12 Gold",256,51200
"Proseware Laptop15 M510 White",73,51027
"SV DVD 9-Inch Player Portable M300 Black",317,50716.83000000002
"Litware Microwave 1.5CuFt X110 Red",76,50611.44
"NT Washer & Dryer 27in L2700 Green",19,50405.100000000006
"Fabrikam Laptop16 M6000 Black",84,50316
"The Phone Company Touch Screen Phones Capacitive M908 Black",163,50204
"Proseware Laptop15.4W M518 White",66,50028
"Contoso Washer & Dryer 21in E210 White",31,49569
"The Phone Company Touch Screen Phones Infrared M901 Black",165,49500
"Contoso DVD 12-Inch Player Portable M400 White",274,49317.26000000004
"The Phone Company Pen Touch Screen Phones M320 Grey",170,49300
"Litware Microwave 1.5CuFt X110 Silver",74,49279.56
"WWI Laptop16 M0160 White",82,49118
"Contoso Sharp Touch Screen Phones M910 Black",163,49063
"Adventure Works Laptop15 M1501 Silver",70,48930
"Fabrikam Laptop15.4 M5400 White",74,48766
"Contoso Touch Screen Phones Capacitive M908 Black",158,48664
"Litware Microwave 1.5CuFt X110 Blue",73,48613.62
"MGS Age of Empires Expansion: The Rise of Rome X900",81,48502.8
"Fabrikam Business Videographer 1/2'' 3mm M500 White",55,48290
"Litware Refrigerator 24.7CuFt X980 Blue",15,47999.84999999999
"The Phone Company Touch Screen Phones Capacitive M908 Grey",155,47740
"Contoso Washer & Dryer 27in L270 Blue",18,47736
"Contoso Pen Touch Screen Phones M320 Black",164,47560
"WWI 1GB Pulse Smart pen E50 White",317,47534.14999999997
"The Phone Company Touch Screen Phones 5-Wire/On-wall M508 Grey",184,47472
"Fabrikam Home and Vacation Moviemaker 1'' 25mm M400 Grey",79,47400
"The Phone Company Sharp Touch Screen Phones M910 Black",157,47257
"The Phone Company Touch Screen Phones 26-1.4" M250 Black",176,47168
"Fabrikam Independent filmmaker 2/3'' 17mm X100 White",31,47120
"Contoso Water Heater 1.5GPM E0800 White",182,46865
"The Phone Company Touch Screen Phones 5-Wire/Built-in M500 Black",182,46592
"WWI 1GBPulse Smart pen E50 Black",309,46334.55
"Adventure Works 26" 720p LCD HDTV M140 Silver",98,46057.06000000001
"SV DVD 9-Inch Player Portable M300 White",287,45917.13000000002
"The Phone Company Touch Screen Phones 26-1.4" M250 Grey",171,45828
"Contoso Touch Screen Phones SAW/On-wall M806 Black",156,45708
"Adventure Works 20" LCD HDTV M120 White",130,45493.49999999999
"Adventure Works LCD22W M200 White",67,45493
"Adventure Works Laptop15 M1501 White",65,45435
"The Phone Company Pen Touch Screen Phones-2.6" M320 Black",156,45240
"WWI 1GB Digital Voice Recorder Pen E100 Pink",289,45084
"Contoso Washer & Dryer 27in L270 Red",17,45084
"SV Car Video LCD9.2W X9280 Brown",45,44955
"Adventure Works Laptop16 M1601 Red",75,44925
"The Phone Company Touch Screen Phones 26-2.2" M200 Grey",195,44850
"Adventure Works 15.6" LCD TV M130W White",149,44698.51000000002
"The Phone Company PDA Wifi 4.7-inch L290 White",117,44460
"Fabrikam Business Videographer 1'' 25mm M600 Black",50,44400
"Contoso Finger Touch Screen Phones M30 Black",223,44377
"WWI LCD22W M2003 White",65,44135
"NT Wireless Transmitter and Bluetooth Headphones M150 Silver",294,44097.06000000003
"Proseware Laptop15 M510 Black",63,44037
"Contoso Water Heater 1.5GPM E0800 Blue",171,44032.5
"Adventure Works 32" LCD HDTV M130 White",88,43999.119999999995
"Fabrikam Laptop15.4W M5480 White",58,43964
"SV Car Video LCD9.2W X9280 Black",44,43956
"The Phone Company Touch Screen Phones SAW/On-wall M806 Gold",150,43950
"The Phone Company Touch Screen Phones 26-2.2" M200 Gold",191,43930
"The Phone Company Touch Screen Phones 4-Wire/On-wall M302 Gold",152,43928
"Contoso Washer & Dryer 25.5in M255 Green",22,43758
"The Phone Company Touch Screen Phones 5-Wire/Built-in M500 Grey",170,43520
"Fabrikam Laptop16W M6080 Black",45,43515
"Proseware LCD24 X300 White",53,43407
"WWI 2GB Pulse Smart pen M100 Silver",217,43389.14999999999
"Fabrikam Laptop15 M5000 White",62,43338
"Adventure Works LCD22 M200 Black",70,43330
"WWI LCD22 M2002 White",70,43330
"Proseware Laptop15.4W M518 Black",57,43206
"Adventure Works Laptop16 M1601 Blue",72,43128
"Adventure Works Laptop16 M1600 Black",72,43128
"The Phone Company Touch Screen Phones SAW/Built-in M801 Black",144,43056
"The Phone Company Touch Screen Phones SAW/Built-in M801 Grey",143,42757
"The Phone Company Smart phones -320 x 320 M86 Black",148,42624
"WWI LCD24 X300 Black",52,42588
"The Phone Company PDA Phone 3.7 inches M340 Black",129,42570
"Contoso Washer & Dryer 27in L270 Pink",16,42432
"SV DVD 9-Inch Player Portable M300 Silver",264,42237.36000000005
"Adventure Works LCD22 M200 White",68,42092
"Contoso Touch Screen Phones 5-Wire/On-wall M508 Black",163,42054
"The Phone Company PDA GPS Phone 4.7 inch L950 Black",114,41952
"Adventure Works Laptop15 M1501 Red",60,41940
"Contoso Washer & Dryer 24in M240 Pink",23,41814
"Contoso Touch Screen Phones  - LCD M12 Black",209,41800
"The Phone Company PDA Palm 4.7 inch L850 Silver",105,41790
"Adventure Works LCD24 X300 White",51,41769
"WWI LCD24W X300 White",48,41712
"Contoso Water Heater 1.5GPM E0800 Red",161,41457.5
"Contoso DVD 7-Inch Player Portable E200 Black",376,41356.24000000001
"WWI Wireless Bluetooth Stereo Headphones M270 Black",359,41285
"Fabrikam Business Videographer 1/3'' 8.5mm M380 Black",48,41280
"Contoso Coffee Maker Super-Auto 12C X1250 Silver",25,41250
"Fabrikam Business Videographer 2/3'' 17mm M280 White",49,41062
"The Phone Company Touch Screen Phones 4-Wire/ Built-in M205 Black",153,41004
"The Phone Company PDA Phone 4.7 inches L360 Black",102,41004
"Contoso Water Heater 1.5GPM E0800 Grey",159,40942.5
"Contoso DVD 7-Inch Player Portable E200 Silver",372,40916.28000000002
"Litware Microwave 1.5CuFt X110 Black",61,40622.34
"The Phone Company Smart phones 320 x 320 M86 Pink",141,40608
"The Phone Company PDA Phone 4.7 inches L360 Silver",101,40602
"The Phone Company PDA GPS Phone 4.7 inch L950 Silver",110,40480
"Fabrikam Laptop12 M2002 Red",110,40480
"Fabrikam Business Videographer 1/2" 3mm M500 Blue",46,40388
"Adventure Works 20" LCD HDTV M120 Silver",115,40244.24999999999
"Fabrikam Home and Vacation Moviemaker 1/2" 3mm M300 Orange",71,40186
"SV DVD 7-Inch Player Portable E200 White",365,40146.35000000001
"The Phone Company Touch Screen Phones SAW/On-wall M806 Black",137,40141
"WWI LCD22W M2003 Black",59,40061
"NT Wireless Transmitter and Bluetooth Headphones M150 Blue",267,40047.33000000002
"Fabrikam Trendsetter 1" 25mm X400 Blue",40,40000
"Fabrikam Trendsetter 1/3'' 8.5mm X200 Grey",40,39920
"Contoso Washer & Dryer 25.5in M255 Red",20,39780
"Contoso Washer & Dryer 25.5in M255 Silver",20,39780
"The Phone Company PDA Handheld 4.7 inch L650 White",102,39678
"Fabrikam Budget Moviemaker 2/3'' 17mm E100 Black",86,39560
"Adventure Works 26" 720p LCD HDTV M140 White",84,39477.479999999996
"Adventure Works Laptop15.4W M1548 Red",52,39416
"The Phone Company PDA Phone 4.7 inches L360 White",98,39396
"Adventure Works 15.6" LCD TV M130W Black",131,39298.69
"Adventure Works LCD24W X300 White",45,39105
"Fabrikam Business Videographer 2/3'' 17mm M280 Black",46,39100
"Adventure Works Laptop16 M1601 Silver",65,38935
"Fabrikam Laptop10.1 M0101 Silver",101,38874.9
"Contoso Coffee Maker Auto 10C M1000 White",52,38791.48000000001
"Litware Refrigerator 19CuFt M760 Orange",43,38657
"Contoso Microwave 1.5CuFt X0110 Silver",58,38624.520000000004
"The Phone Company Finger Touch Screen Phones M30 Gold",194,38606
"Adventure Works Laptop15 M1500 Black",55,38445
"WWI Laptop15 M0150 White",55,38445
"The Phone Company Touch Screen Phones 5-Wire/On-wall M508 Black",149,38442
"Fabrikam Independent Filmmaker 1/3" 8.5mm X200 Blue",25,38250
"Adventure Works LCD24W X300 Black",44,38236
"Contoso Washer & Dryer 24in M240 Green",21,38178
"Fabrikam Trendsetter 1'' 25mm X400 Black",37,38110
"Fabrikam Business Videographer 1/3'' 8.5mm M380 Grey",44,37840
"The Phone Company PDA Wifi 3.5-inch M200 White",135,37800
"The Phone Company Touch Screen Phones SAW/On-wall M806 Grey",129,37797
"WWI Projector 720p LCD56 Silver",54,37746
"Adventure Works LCD24 X300 Black",46,37674
"NT Wireless Transmitter and Bluetooth Headphones M150 Black",251,37647.490000000005
"The Phone Company PDA GPS Phone 3.7 inch M930 Black",126,37548
"Fabrikam Trendsetter 2/3" 17mm X100 Orange",38,37544
"Fabrikam Trendsetter 2/3'' 17mm X100 Black",38,37240
"The Phone Company PDA Wifi 4.7-inch L290 Silver",98,37240
"The Phone Company Finger Touch Screen Phones M30 Grey",187,37213
"Contoso Washer & Dryer 27in L270 Green",14,37128
"NT Washer & Dryer 15.5in E1550 Blue",37,36996.3
"WWI Projector 720p DLP56 White",37,36963
"WWI Projector 720p DLP56 Black",37,36963
"Contoso SLR Camera 35" X358 Silver Grey",65,36920
"Litware Refrigerator 19CuFt M760 Red",41,36859
"WWI Wireless Bluetooth Stereo Headphones M270 Pink",319,36685
"The Phone Company Smart phones Unlocked International M800 Pink",118,36580
"Fabrikam Business Videographer 2/3" 17mm M280 Orange",43,36550
"Adventure Works 20" LCD HDTV M120 Black",104,36394.8
"Fabrikam Coffee Maker Super-Auto 12C X125 Grey",22,36300
"SV DVD 7-Inch Player Portable E200 Silver",329,36186.710000000014
"WWI Stereo Bluetooth Headphones New Generation M370 Orange",272,36173.280000000006
"The Phone Company Smart phones 8 GB of Memory M400 Gold",134,36046
"WWI Stereo Bluetooth Headphones New Generation M370 Black",271,36040.29000000001
"NT Washer & Dryer 15.5in E1550 White",36,35996.4
"The Phone Company Touch Screen Phones 5-Wire/Built-in M500 Gold",140,35840
"WWI Wireless Bluetooth Stereo Headphones M270 White",308,35420
"Fabrikam Business Videographer 1/3" 8.5mm M380 Orange",41,35260
"Fabrikam Home and Vacation Moviemaker 2/3" 17mm M103 Blue",53,35245
"The Phone Company PDA Palm 3.7 inch M830 White",117,34983
"Litware Washer & Dryer 15.5in E150 Green",35,34965
"Contoso Projector 720p M621 White",35,34965
"WWI Laptop15.4W M0156 White",46,34868
"The Phone Company PDA Phone Unlocked 3.5 inches M530 Black",130,34840
"The Phone Company Touch Screen Phones 4-Wire/ Built-in M205 Gold",130,34840
"Contoso Macro Zoom Lens X300 Black",95,34822.25
"Proseware LCD22 M2000 White",56,34664
"The Phone Company Smart phones 320 x 320 M86 Grey",120,34560
"NT Washer & Dryer 24in M2400 Blue",19,34559.100000000006
"Litware Washer & Dryer 24in M260 Green",19,34542
"NT Washer & Dryer 27in L2700 Blue",13,34487.7
"A. Datum SLR Camera X140 Pink",55,34485
"The Phone Company PDA Wifi 3.5-inch M200 Black",123,34440
"WWI Wireless Bluetooth Stereo Headphones M270 Silver",299,34385
"WWI Stereo Bluetooth Headphones New Generation M370 White",258,34311.42000000001
"The Phone Company PDA Handheld 4.7 inch L650 Black",88,34232
"Fabrikam Refrigerator 19CuFt M7600 Green",38,34162
"Fabrikam Business Videographer 2/3'' 17mm M280 Grey",40,34000
"Contoso Water Heater 1.5GPM E0800 Green",132,33990
"Proseware Projector 720p DLP56 White",34,33966
"The Phone Company Touch Screen Phones 4-Wire/On-wall M302 Grey",117,33813
"The Phone Company Smart phones Unlocked International M800 Black",109,33790
"The Phone Company PDA Wifi 3.7-inch M250 Black",109,33790
"WWI Wireless Bluetooth Stereo Headphones M170 Silver",280,33600
"Adventure Works 15.6" LCD TV M130W Brown",112,33598.88000000001
"Adventure Works 19" Portable LCD HDTV M110 Silver",120,33598.80000000001
"Proseware Projector 720p LCD56 Silver",48,33552
"Fabrikam Business Videographer 2/3" 17mm M280 Blue",40,33520
"A. Datum SLR Camera 35" X358 Black",57,33516
"The Phone Company PDA Phone Unlocked 3.5 inches M530 White",125,33500
"The Phone Company PDA Wifi 3.7-inch M250 White",108,33480
"WWI Stereo Bluetooth Headphones New Generation M370 Yellow",251,33380.49
"Contoso Telephoto Conversion Lens X400 Black",56,33320
"Fabrikam Microwave 1.5CuFt X1100 Silver",50,33297.00000000001
"Fabrikam Independent Filmmaker 1/2'' 3mm X300 Grey",21,33180
"The Phone Company Touch Screen Phones 26-2.2" M200 Black",144,33120
"The Phone Company PDA Handheld 4.7 inch L650 Silver",85,33065
"The Phone Company Touch Screen Phones - LCD M12 Black",165,33000
"NT Wireless Transmitter and Bluetooth Headphones M150 Green",220,32997.800000000025
"NT Wireless Transmitter and Bluetooth Headphones M150 Red",220,32997.80000000002
"Proseware Projector 720p DLP56 Black",33,32967
"Contoso SLR Camera X143 Silver",51,32946
"A. Datum SLR Camera 35" X358 Silver Grey",56,32928
"The Phone Company PDA GPS Phone 3.7 inch M930 Silver",110,32780
"Adventure Works 19" Portable LCD HDTV M110 White",117,32758.83000000001
"Fabrikam SLR Camera X146 Black",52,32708
"The Phone Company Touch Screen Phones - CRT M11 Grey",173,32697
"The Phone Company Finger Touch Screen Phones M30 Black",164,32636
"Adventure Works LCD22W M200 Black",48,32592
"The Phone Company Touch Screen Phones - CRT M11 Gold",171,32319
"The Phone Company PDA Wifi 4.7-inch L290 Black",85,32300
"Fabrikam Home and Vacation Moviemaker 1/3'' 8.5mm M200 White",51,32283
"The Phone Company PDA Palm 4.7 inch L850 White",81,32238
"WWI Projector 720p LCD56 Black",46,32154
"SV DVD 7-Inch Player Portable E200 Black",292,32117.080000000005
"Contoso 8GB Clock & Radio MP3 Player X850 Green",107,32017.609999999997
"Contoso Washer & Dryer 21in E210 Blue",20,31980
"Litware Washer & Dryer 21in E214 Blue",20,31980
"The Phone Company Smart phones 6-LINE SCREEN M21 Black",139,31970
"NT Washer & Dryer 25.5in M2550 Green",16,31838.4
"Litware Washer & Dryer 27in L420 Blue",12,31824
"Contoso DVD 7-Inch Player Portable E200 White",289,31787.110000000008
"The Phone Company Smart phones Unlocked M300 Gold",119,31773
"Proseware Laptop16 M610 White",53,31747
"WWI Wireless Bluetooth Stereo Headphones M170 White",264,31680
"Contoso SLR Camera X144 Gold",47,31631
"Contoso SLR Camera X145 Blue",50,31600
"WWI Stereo Bluetooth Headphones New Generation M370 Blue",237,31518.63000000002
"Adventure Works 15.6" LCD TV M130W Silver",105,31498.950000000004
"WWI Laptop15 M0150 Blue",45,31455
"Contoso Coffee Maker Auto 10C M1000 Silver",42,31331.58
"The Phone Company Smart phones Unlocked International M800 Grey",101,31310
"The Phone Company PDA Phone Unlocked 4.7 inches L550 Black",103,31106
"NT Wireless Bluetooth Stereo Headphones M402 Red",311,31096.889999999992
"Adventure Works 19" Portable LCD HDTV M110 Black",111,31078.89
"The Phone Company Smart phones 4 GB of Memory M300 Pink",130,31070
"Fabrikam Trendsetter 1/2'' 3mm X300 Grey",31,30969
"Proseware Projector 720p DLP56 Silver",31,30969
"SV Car Video LCD9.2W X9280 Silver",31,30969
"NT Washer & Dryer 24in M2400 Green",17,30921.300000000003
"Litware Washer & Dryer 24in M260 Blue",17,30906
"The Phone Company Smart phones Expert M400 Gold",103,30900
"The Phone Company PDA Palm 3.5 inch M810 Silver",110,30800
"Fabrikam SLR Camera X150 Green",64,30752
"Litware Refrigerator 19CuFt M760 White",34,30566
"Litware Refrigerator 19CuFt M760 Brown",34,30566
"Fabrikam SLR Camera 35" X358 Black",70,30533.999999999996
"WWI Projector 480p DLP12 Black",61,30439
"Fabrikam Independent Filmmaker 2/3" 17mm X100 Blue",20,30400
"The Phone Company Smart phones 8 GB of Memory M400 Grey",113,30397
"Fabrikam Home and Vacation Moviemaker 1/3'' 8.5mm M200 Grey",48,30384
"Contoso Home Theater System 7.1 Channel M1700 Silver",34,30226
"WWI Wireless Bluetooth Stereo Headphones M170 Pink",251,30120
"NT Wireless Bluetooth Stereo Headphones M402 Purple",301,30096.99000000002
"The Phone Company PDA Wifi 3.7-inch M250 Silver",97,30070
"Proseware Projector 720p LCD56 White",43,30057
"Fabrikam Microwave 1.5CuFt X1100 Black",45,29967.300000000003
"The Phone Company Smart phones 320 x 320 M86 White",104,29952
"Fabrikam Business Videographer 1/2'' 3mm M500 Black",34,29920
"Fabrikam Coffee Maker Super-Auto 12C X125 Black",18,29700
"Contoso Coffee Maker Super-Auto 12C X1250 Grey",18,29700
"Adventure Works Coffee Maker Super-Auto 12C X125 Black",18,29700
"The Phone Company PDA Wifi 3.5-inch M200 Silver",106,29680
"Proseware Laptop12 M210 Black",77,29487.150000000005
"Fabrikam Home and vacation moviemaker 2/3'' 17mm M103 Black",45,29475
"WWI Screen 125in M1611 Black",64,29376
"Fabrikam Business Videographer 1" 25mm M600 Blue",33,29370
"WWI Laptop15 M0150 Black",42,29358
"Contoso Projector 720p M620 White",42,29358
"Fabrikam Microwave 1.5CuFt X1100 Grey",44,29301.360000000004
"Fabrikam Microwave 1.5CuFt X1100 Blue",44,29301.36
"The Phone Company PDA Phone Unlocked 4.7 inches L550 Silver",97,29294
"The Phone Company Touch Screen Phones - LCD M12 Grey",146,29200
"Fabrikam Business Videographer 1/3'' 8.5mm M380 White",34,29104
"The Phone Company Smart phones Expert M400 Grey",97,29100
"Adventure Works 20" LCD HDTV M120 Brown",83,29045.850000000002
"Fabrikam Laptop17W M7080 Black",33,29036.7
"Fabrikam SLR Camera X147 Grey",45,29025
"Fabrikam Laptop8.9 E8002 Red",89,29014
"The Phone Company PDA Handheld 3.7 inch M630 Silver",109,28994
"Contoso Screen 125in M250 White",63,28917
"A. Datum SLR Camera 35" X358 Gold",49,28812
"Fabrikam SLR Camera 35" X358 Silver",66,28789.200000000004
"The Phone Company PDA Palm 3.7 inch M830 Black",96,28704
"NT Wireless Bluetooth Stereo Headphones M402 Black",287,28697.13000000001
"Adventure Works Laptop15 M1501 Blue",41,28659
"Fabrikam Microwave 1.5CuFt X1100 Red",43,28635.420000000002
"The Phone Company Microsoft Windows Mobile M200 Grey",125,28625
"Fabrikam SLR Camera M150 Orange",73,28608.699999999997
"Fabrikam Laptop13.3 M3000 Red",75,28500
"The Phone Company PDA GPS Phone 3.5 inch M910 Black",106,28408
"The Phone Company PDA Phone Unlocked 3.5 inches M530 Silver",105,28140
"Adventure Works Coffee Maker Super-Auto 12C X125 Silver",17,28050
"The Phone Company Smart phones 4 GB of Memory M300 Gold",117,27963
"NT Wireless Bluetooth Stereo Headphones M402 Green",278,27797.22000000001
"The Phone Company Touch Screen Phones - CRT M11 Black",147,27783
"The Phone Company PDA Palm 3.5 inch M810 Black",99,27720
"Adventure Works Laptop8.9 E0890 Black",85,27710
"WWI Laptop8.9 E0089 Black",85,27710
"The Phone Company PDA Handheld 3.7 inch M630 Black",104,27664
"Proseware Laptop16 M610 Black",46,27554
"Proseware Screen 125in X1609 Black",60,27540
"Fabrikam Home and Vacation Moviemaker 2/3'' 17mm M103 Grey",42,27510
"Contoso Bluetooth Active Headphones L15 White",211,27427.890000000014
"Fabrikam Home and Vacation Moviemaker 1'' 25mm M400 Black",44,27280
"Contoso SLR Camera 35" X358 Blue",48,27264
"Fabrikam Laptop13.3W M3080 Red",70,27230
"The Phone Company PDA Phone 3.5 inches M320 Black",91,27209
"Contoso Washer & Dryer 21in E210 Red",17,27183
"Litware Washer & Dryer 21in E214 Silver",17,27183
"Contoso Macro Zoom Lens X300 White",74,27124.699999999997
"Fabrikam Trendsetter 1'' 25mm X400 Grey",27,27000
"A. Datum SLR Camera X139 Gold",43,26961
"Fabrikam Laptop14.1W M4180 Red",59,26957.09999999999
"Contoso SLR Camera X144 Silver Grey",40,26920
"The Phone Company PDA Phone Unlocked 3.7 inches M510 Silver",113,26894
"The Phone Company PDA Phone Unlocked 4.7 inches L550 White",89,26878
"The Phone Company PDA Handheld 3.5 inch M610 Silver",105,26775
"Contoso Telephoto Conversion Lens X400 White",45,26775
"Adventure Works Laptop8.9 E0890 White",82,26732
"Proseware Laptop8.9 E089 Black",82,26732
"Contoso Washer & Dryer 27in L270 Silver",10,26520
"Contoso Washer & Dryer 27in L270 White",10,26520
"Contoso SLR Camera X143 Grey",41,26486
"The Phone Company Smart phones Expert M400 White",88,26400
"Fabrikam Business Videographer 1/2" 3mm M500 Orange",30,26400
"The Phone Company Smart phones 8 GB of Memory M400 White",98,26362
"The Phone Company PDA Palm 4.7 inch L850 Black",66,26268
"WWI Screen 125in M1611 Silver",57,26163
"Litware Refrigerator 9.7CuFt M560 Silver",53,26129
"Litware Refrigerator 19CuFt M760 Silver",29,26071
"Proseware LCD24W X300 White",30,26070
"Proseware Laptop12 M210 White",68,26040.600000000006
"The Phone Company PDA Handheld 3.5 inch M610 White",102,26010
"Contoso Microwave 1.5CuFt X0110 Grey",39,25971.66
"The Phone Company Smart phones 320 x 320 M86 Gold",90,25920
"Fabrikam SLR Camera 35" M358 Pink",79,25912
"SV Car Video LCD7W M7082 Brown",37,25863
"Litware Washer & Dryer 25.5in M350 Silver",13,25857
"Contoso Washer & Dryer 25.5in M255 Blue",13,25857
"The Phone Company PDA Handheld 3.7 inch M630 White",97,25802
"The Phone Company PDA Phone 3.5 inches M320 White",86,25714
"A. Datum SLR Camera X138 Silver Grey",41,25707
"The Phone Company Smart phones Unlocked M300 White",96,25632
"Contoso Washer & Dryer 21in E210 Pink",16,25584
"The Phone Company Smart phones Expert M400 Black",85,25500
"Adventure Works Coffee Maker Auto 10C M100 Silver",34,25363.660000000003
"SV Car Video LCD9.2W X9281 Brown",29,25201
"Contoso Projector 720p M620 Black",36,25164
"The Phone Company Smart phones 4 GB of Memory M300 Black",105,25095
"WWI Wireless Bluetooth Stereo Headphones M170 Black",209,25080
"Contoso Telephoto Conversion Lens X400 Silver",42,24990
"Fabrikam SLR Camera X148 Silver Grey",38,24966
"Fabrikam Home and Vacation Moviemaker 1/2'' 3mm M300 Grey",44,24904
"Fabrikam SLR Camera 35" X358 Gold",57,24863.4
"The Phone Company PDA Handheld 3.5 inch M610 Black",97,24735
"Fabrikam Microwave 1.5CuFt X1100 White",37,24639.779999999995
"The Phone Company Smart phones 4 GB of Memory M300 Grey",103,24617
"The Phone Company Smart phones 6-LINE SCREEN M21 Grey",107,24610
"Adventure Works Laptop12 M1201 White",64,24508.800000000003
"The Phone Company Microsoft Windows Mobile M200 Gold",107,24503
"The Phone Company PDA Phone 3.7 inches M340 White",74,24420
"The Phone Company PDA Phone Unlocked 3.7 inches M510 Black",102,24276
"Fabrikam Refrigerator 19CuFt M7600 Silver",27,24273
"The Phone Company PDA Phone 3.5 inches M320 Silver",81,24219
"Contoso Water Heater 1.5GPM E0800 Silver",94,24205
"Adventure Works Laptop12 M1201 Blue",63,24125.850000000006
"Fabrikam Budget Moviemaker 1'' 25mm E400 White",57,24054
"The Phone Company Microsoft Windows Mobile M200 White",105,24045
"NT Washer & Dryer 21in E2100 Green",15,23998.5
"Fabrikam Trendsetter 1/2'' 3mm X300 Black",24,23976
"Contoso Microwave 1.5CuFt X0110 Red",36,23973.839999999997
"Contoso 32GB Video MP3 Player M3200 Pink",94,23970
"Proseware Projector 480p DLP12 Silver",48,23952
"The Phone Company Smart phones 8 GB of Memory M400 Black",89,23941
"The Phone Company Smart phones 160x160 M26 Grey",115,23920
"Litware Washer & Dryer 25.5in M350 White",12,23868
"SV DVD Player M120 White",404,23831.96
"A. Datum SLR Camera X135 Black",38,23826
"Fabrikam SLR Camera X149 Blue",38,23826
"WWI Projector 720p LCD56 White",34,23766
"WWI Laptop12 M0120 White",62,23742.900000000005
"The Phone Company Smart phones 6-LINE SCREEN M21 White",103,23690
"WWI LCD20 M220 Black",91,23569
"Adventure Works Laptop15.4W M1548 Silver",31,23498
"Proseware Projector 480p DLP12 White",47,23453
"Litware Microwave 1.5CuFt X110 White",35,23307.9
"Litware Microwave 1.5CuFt X110 Grey",35,23307.899999999998
"The Phone Company Smart phones Unlocked M300 Grey",87,23229
"Adventure Works Laptop8.9 E0890 Silver",71,23146
"Litware Home Theater System 5.1 Channel M511 Brown",33,23067
"Contoso SLR Camera X146 Orange",54,23058
"Fabrikam SLR Camera M147 Grey",69,23046
"Fabrikam Laptop10.1 M0100 White",60,22980
"Fabrikam Budget Moviemaker 2/3'' 17mm E100 Grey",56,22960
"Contoso Projector 480p M481 White",46,22954
"Fabrikam Trendsetter 1/3'' 8.5mm X200 White",23,22954
"Contoso 32GB Video MP3 Player M3200 White",90,22950
"The Phone Company Microsoft Windows Mobile M200 Pink",100,22900
"Contoso Touch Screen Phones - CRT M11 Black",121,22869
"The Phone Company PDA Palm 3.7 inch M830 Silver",76,22724
"The Phone Company Smart phones 160x160 M26 White",109,22672
"Fabrikam SLR Camera M149 Blue",71,22649
"Contoso Microwave 1.5CuFt X0110 White",34,22641.96
"Contoso Bluetooth Active Headphones L15 Black",174,22618.26000000001
"Fabrikam Budget Moviemaker 1'' 25mm E400 Black",50,22600
"Adventure Works Laptop12 M1201 Silver",59,22594.049999999996
"SV Car Video LCD9.2W X9281 Silver",26,22594
"Proseware High-Performance Business-Class Laser Fax X200 White",91,22568
"Fabrikam Laptop8.9 M0801 Silver",62,22537
"Litware Refrigerator 19CuFt M760 Green",25,22475
"WWI Projector 480p DLP12 Silver",45,22455
"SV Car Video LCD7W M7081 Silver",45,22455
"Litware Refrigerator 24.7CuFt X980 White",7,22399.93
"A. Datum SLR Camera 35" X358 Grey",38,22344
"A. Datum SLR Camera 35" X358 Blue",38,22344
"Fabrikam Laptop12W M2080 Silver",56,22344
"NT Wireless Bluetooth Stereo Headphones M402 Silver",223,22297.77
"Contoso SLR Camera X142 Black",35,22295
"SV DVD External DVD Burner M200 Black",384,22225.919999999987
"Contoso SLR Camera M146 Orange",69,22218
"A. Datum Consumer Digital Camera E100 Black",79,22199
"Litware Refrigerator 9.7CuFt M560 Brown",45,22185
"Contoso 32GB Video MP3 Player M3200 Black",87,22185
"A. Datum SLR Camera M137 Grey",71,22152
"Contoso 8GB Clock & Radio MP3 Player X850 Blue",74,22143.019999999997
"Contoso SLR Camera X145 Pink",35,22120
"The Phone Company PDA Phone 3.7 inches M340 Silver",67,22110
"Adventure Works Laptop15.4W M1548 White",29,21982
"Litware Washer & Dryer 15.5in E150 White",22,21978
"Litware Washer & Dryer 15.5in E150 Silver",22,21978
"Contoso Projector 480p M481 Black",44,21956
"Contoso Washer & Dryer 25.5in M255 White",11,21879
"Fabrikam Laptop12 M2001 Silver",57,21828.15
"Fabrikam Home and Vacation Moviemaker 1/3'' 8.5mm M200 Black",34,21692
"WWI Stereo Bluetooth Headphones E1000 Blue",321,21635.4
"Contoso SLR Camera 35" X358 Orange",38,21584
"Contoso SLR Camera 35" X358 Black",38,21584
"Fabrikam Refrigerator 19CuFt M7600 Orange",24,21576
"Litware Home Theater System 7.1 Channel M710 Silver",27,21573
"Fabrikam Home and vacation moviemaker 1/3" 8.5mm M200 Blue",34,21522
"Contoso SLR Camera 35" M358 Silver Grey",60,21480
"Fabrikam Laptop8.9 E0800 Silver",67,21440
"Contoso DVD Player M100 Black",376,21428.239999999994
"Fabrikam Budget Movie-Maker 1/3'' 8.5mm E200 Black",52,21372
"Litware Washer & Dryer 27in L420 Silver",8,21216
"Fabrikam Refrigerator 9.7CuFt M5600 Green",43,21199
"Contoso Bluetooth Active Headphones L15 Red",163,21188.370000000017
"Contoso Screen 125in M250 Silver",46,21114
"The Phone Company Smart phones Unlocked International M800 White",68,21080
"The Phone Company Smart phones 6-LINE SCREEN M21 Gold",91,20930
"A. Datum SLR Camera X136 Silver",49,20923
"Fabrikam Coffee Maker Auto 10C M100 Grey",28,20887.72
"Contoso DVD Player M110 Silver",360,20876.399999999987
"Litware Home Theater System 5.1 Channel M516 Black",36,20844
"Contoso DVD External DVD Burner M200 Grey",360,20836.799999999992
"Contoso Washer & Dryer 21in E210 Silver",13,20787
"Litware Washer & Dryer 21in E214 Green",13,20787
"Contoso DVD Player M130 Grey",346,20756.539999999994
"Contoso Screen 100in E010 Silver",109,20710
"Fabrikam SLR Camera X149 Pink",33,20691
"Fabrikam Refrigerator 19CuFt M7600 Grey",23,20677
"Contoso 16GB New Generation MP5 Player M1650 Black",89,20648
"WWI Screen 113in M1610 Black",69,20631
"Contoso SLR Camera 35" X358 Gold",36,20448
"WWI Stereo Bluetooth Headphones E1000 Black",303,20422.200000000008
"Contoso 16GB Mp5 Player M1600 Black",102,20389.8
"Fabrikam Home and Vacation Moviemaker 2/3'' 17mm M103 White",31,20305
"Fabrikam Budget Moviemaker 1/2'' 3mm E300 Grey",47,20304
"WWI Stereo Bluetooth Headphones E1000 Green",300,20220.000000000004
"WWI LCD20W M250 Black",72,20088
"Proseware Screen 106in M1609 Black",80,20080
"Fabrikam SLR Camera 35" X358 Green",46,20065.2
"A. Datum SLR Camera X137 Grey",32,20064
"Adventure Works Coffee Maker 12C M100 Grey",45,20025
"Litware Home Theater System 7.1 Channel X711 Silver",18,19962
"SV Car Video LCD7W M7081 Black",40,19960
"Adventure Works 19" Color Digital TV E35 Brown",139,19932.6
"Adventure Works Laptop12 M1200 Black",52,19913.399999999998
"Contoso SLR Camera 35" X358 Silver",35,19880
"Contoso DVD External DVD Burner M200 Silver",342,19794.960000000003
"Proseware Air conditioner 25000BTU L167 White",31,19715.690000000002
"Fabrikam SLR Camera X148 Gold",30,19710
"Contoso SLR Camera 35" M358 Gold",55,19690
"A. Datum Consumer Digital Camera E100 Grey",70,19670
"Fabrikam SLR Camera M148 Gold",59,19588
"Proseware Projector 720p LCD56 Black",28,19572
"The Phone Company Smart phones 160x160 M26 Pink",94,19552
"Adventure Works 20" CRT TV E15 Black",115,19548.85000000001
"The Phone Company Smart phones Unlocked International M800 Gold",63,19530
"The Phone Company PDA Phone Unlocked 3.7 inches M510 White",82,19516
"The Phone Company Smart phones Expert M400 Pink",65,19500
"SV 16xDVD M310 Silver",151,19479
"Adventure Works 20" CRT TV E15 Silver",114,19378.859999999997
"The Phone Company Smart phones 160x160 M26 Gold",93,19344
"A. Datum SLR Camera M139 Gold",62,19344
"Contoso SLR Camera 35" M358 Orange",54,19332
"Fabrikam Budget Moviemaker 1/2'' 3mm E300 Black",40,19280
"Contoso Screen 125in M250 Black",42,19278
"WWI Screen 125in M1611 White",42,19278
"Adventure Works 20" CRT TV E15 White",113,19208.87
"Contoso SLR Camera M145 Pink",56,19208
"Contoso SLR Camera M143 Grey",63,19152
"Contoso Coffee Maker 12C M1000 Grey",43,19135
"SV DVD Player M100 Black",334,19034.659999999993
"Fabrikam SLR Camera 35" M358 Silver",58,19024
"Adventure Works 20" Analog CRT TV E45 White",95,19000
"Adventure Works 20" Analog CRT TV E45 Silver",95,19000
"Litware Washer & Dryer 15.5in E150 Blue",19,18981
"A. Datum Full Frame Digital Camera X300 Black",82,18942
"Adventure Works 19" Color Digital TV E35 Black",132,18928.800000000003
"Fabrikam Refrigerator 19CuFt M7600 Brown",21,18879
"Litware Home Theater System 5.1 Channel M512 Black",27,18873
"The Phone Company Smart phones 6-LINE SCREEN M21 Pink",82,18860
"Proseware Screen 125in X1609 White",41,18819
"Fabrikam SLR Camera M150 Green",48,18811.199999999997
"Adventure Works Coffee Maker Auto 10C M100 Black",25,18649.75
"Adventure Works Coffee Maker Auto 10C M100 Grey",25,18649.75
"A. Datum SLR Camera 35" M358 Pink",55,18590
"SV 22xDVD X680 Black",110,18590
"Adventure Works Laptop8.9 E0890 Red",57,18582
"WWI Stereo Bluetooth Headphones E1000 Silver",274,18467.600000000002
"Proseware Projector 480p DLP12 Black",37,18463
"Contoso 16GB Mp5 Player M1600 Blue",92,18390.8
"Contoso DVD External DVD Burner M200 Blue",316,18290.07999999999
"A. Datum SLR Camera 35" M358 Grey",54,18252
"Adventure Works Coffee Maker 12C M100 Silver",41,18245
"A. Datum SLR Camera 35" X358 Pink",31,18228
"A. Datum SLR Camera 35" X358 Silver",31,18228
"Adventure Works 20" Analog CRT TV E45 Brown",91,18200
"Contoso Washer & Dryer 24in M240 Red",10,18180
"Proseware LCD20 M200 Black",70,18130
"Fabrikam Home and Vacation Moviemaker 1/2'' 3mm M300 White",32,18112
"SV 16xDVD M320 Silver",152,18088
"Fabrikam Budget Movie-Maker 2/3'' 17mm E100 Black",44,18040
"Contoso Microwave 1.5CuFt X0110 Black",27,17980.38
"A. Datum SLR Camera X141 Blue",42,17934
"The Phone Company PDA Palm 3.5 inch M810 White",64,17920
"NT Washer & Dryer 25.5in M2550 Silver",9,17909.100000000002
"Fabrikam Coffee Maker Auto 10C M100 White",24,17903.76
"The Phone Company Smart phones Unlocked M300 Pink",67,17889
"Fabrikam SLR Camera 35" X358 Blue",41,17884.199999999997
"Contoso Home Theater System 7.1 Channel M1700 Black",20,17780
"Litware Refrigerator 9.7CuFt M560 Orange",36,17748
"SV DVD Player M110 Silver",306,17744.939999999984
"SV 22xDVD M600 Silver",136,17666.399999999994
"WWI Stereo Bluetooth Headphones E1000 White",262,17658.799999999992
"Proseware LCD22W M2001 White",26,17654
"A. Datum SLR Camera 35" X358 Orange",30,17640
"Adventure Works Laptop12 M1201 Red",46,17615.7
"Contoso 32GB Video MP3 Player M3200 Red",69,17595
"Proseware Slim-Design Fax Machine with Answering System X180 Black",74,17464
"Fabrikam SLR Camera 35" M358 Grey",53,17384
"SV Car Video LCD9.2W X9281 Black",20,17380
"Contoso Coffee Maker 12C M1000 Silver",39,17355
"Proseware LCD22 M2000 Black",28,17332
"Contoso SLR Camera M144 Silver Grey",52,17264
"Contoso 16GB Mp5 Player M1600 Red",86,17191.399999999998
"SV DVD External DVD Burner M200 Blue",297,17190.359999999997
"Proseware Air conditioner 25000BTU L167 Silver",27,17171.73
"Contoso 16GB New Generation MP5 Player M1650 Silver",74,17168
"Contoso DVD Player M120 White",290,17107.099999999988
"Contoso Washer & Dryer 15.5in E155 Silver",17,16983
"Contoso Washer & Dryer 15.5in E155 White",17,16983
"Contoso SLR Camera M144 Gold",51,16932
"Proseware Laser Jet Color Printer X300 White",81,16929
"A. Datum SLR Camera 35" M358 Gold",50,16900
"The Phone Company PDA GPS Phone 3.5 inch M910 Silver",63,16884
"Proseware Color Inkjet Fax with 5.8 GHz Cordless Handset X250 Black",74,16872
"Fabrikam Budget Moviemaker 1/2'' 3mm E300 White",39,16848
"Fabrikam Laptop14.1 E4101 Red",51,16830
"Fabrikam Refrigerator 4.6CuFt E2800 Orange",56,16799.44
"SV DVD Player M140 Gold",275,16772.24999999998
"Adventure Works LCD20W M240 White",60,16740
"Litware Home Theater System 7.1 Channel X711 Brown",15,16635
"Proseware Air conditioner 25000BTU L167 Grey",26,16535.739999999998
"The Phone Company Microsoft Windows Mobile M200 Black",72,16488
"Contoso 16GB New Generation MP5 Player M1650 White",71,16472
"Proseware LCD20W M230 White",59,16461
"Contoso 8GB Clock & Radio MP3 Player X850 Silver",55,16457.65
"SV DVD External DVD Burner M200 Silver",284,16437.919999999995
"Adventure Works LCD20 M210 Black",63,16317
"Litware Refrigerator 9.7CuFt M560 White",33,16269
"A. Datum SLR Camera 35" M358 Silver",48,16224
"A. Datum SLR Camera 35" M358 Orange",48,16224
"Litware Home Theater System 4.1 Channel M410 Black",27,16173
"The Phone Company Smart phones 8 GB of Memory M400 Pink",60,16140
"MGS MechWarrior 4 Mach Packs X100",148,16132
"Contoso DVD External DVD Burner M200 Black",278,16090.639999999996
"WWI Laptop12 M0120 Black",42,16083.900000000001
"A. Datum Interchangeable lens Non-SLR Digital Camera X250 Azure",60,16080
"Fabrikam Budget Movie-Maker 1'' 25mm E400 Black",38,16036
"SV DVD External DVD Burner M200 Grey",277,16032.759999999993
"NT Washer & Dryer 21in E2100 Blue",10,15999
"Litware Washer & Dryer 21in E214 White",10,15990
"WWI LCD20W M250 White",57,15903
"Litware Floor Lamp X1015 Blue",25,15899.75
"SV 22xDVD X680 Silver",94,15886
"SV 16xDVD M360 Silver",125,15862.499999999998
"SV 16xDVD M360 Black",125,15862.499999999998
"Contoso DVD Player M140 Gold",260,15857.399999999983
"Contoso 16GB New Generation MP5 Player M1650 blue",68,15776
"Contoso 16GB New Generation MP5 Player M1650 Pink",68,15776
"SV Car Video TFT7 M7001 Brown",51,15759
"Proseware Laptop8.9 E089 White",48,15648
"Fabrikam Budget Moviemaker 1'' 25mm E400 Grey",37,15614
"The Phone Company Smart phones without camera E100 Grey",121,15609
"Fabrikam Home and Vacation Moviemaker 1" 25mm M400 Blue",26,15600
"Contoso Coffee Maker 12C M1000 Black",35,15575
"Fabrikam Coffee Maker 12C M100 Black",35,15575
"SV DVD Player M130 Grey",259,15537.409999999982
"Fabrikam SLR Camera X147 Silver",24,15480
"The Phone Company Smart phones without camera E100 Black",120,15480
"SV Car Video LCD7W M7081 Brown",31,15469
"A. Datum Consumer Digital Camera E100 Orange",55,15455
"Fabrikam SLR Camera 35" M358 Orange",47,15416
"Contoso SLR Camera 35" M358 Black",43,15394
"Contoso Conversion Lens M550 Black",75,15375
"Adventure Works 19" Color Digital TV E35 White",107,15343.800000000001
"NT Wireless Bluetooth Stereo Headphones E102 White",319,15296.050000000008
"Litware Refrigerator 19CuFt M760 Blue",17,15283
"Fabrikam Refrigerator 9.7CuFt M5600 Silver",31,15283
"Fabrikam Microwave 2.2CuFt M1250 White",76,15199.239999999996
"A. Datum Consumer Digital Camera E100 Green",54,15174
"A. Datum Bridge Digital Camera M300 Orange",81,15138.9
"Fabrikam Coffee Maker 12C M100 Gold",34,15130
"Fabrikam Budget Movie-Maker 1/2'' 3mm E300 Black",35,15120
"Fabrikam Laptop8.9W E0880 Silver",45,15120
"Proseware Slim-Design Fax Machine with Answering System X180 Grey",64,15104
"SV 16xDVD M350 Black",129,15080.1
"The Phone Company Smart phones 4 GB of Memory M300 White",63,15057
"Fabrikam Laptop12 M2000 White",41,15006
"Fabrikam Home and Vacation Moviemaker 1'' 25mm M400 White",25,15000
"A. Datum Rangefinder Digital Camera X200 Pink",75,15000
"Contoso 8GB Clock & Radio MP3 Player X850 Black",50,14961.5
"Contoso Screen 113in M251 White",50,14950
"Contoso Coffee Maker Auto 10C M1000 Black",20,14919.800000000003
"Adventure Works Coffee Maker Auto 10C M100 White",20,14919.800000000001
"Fabrikam Coffee Maker Auto 10C M100 Silver",20,14919.8
"Fabrikam Coffee Maker Auto 10C M100 Black",20,14919.8
"Contoso Projector 480p M480 Silver",65,14885
"Adventure Works Coffee Maker Super-Auto 12C X125 Grey",9,14850
"Contoso SLR Camera 35" X358 Pink",26,14768
"Contoso SLR Camera M142 Black",47,14758
"Proseware Screen 125in X1609 Silver",32,14688
"Fabrikam Coffee Maker 12C M100 Silver",33,14685
"Adventure Works Coffee Maker 12C M100 White",33,14685
"SV Car Video LCD7W M7082 Black",21,14679
"Contoso Air conditioner 10000BTU M0490 White",34,14619.66
"Fabrikam Microwave 2.2CuFt M1250 Silver",73,14599.269999999999
"The Phone Company Smart phones without camera E100 Gold",113,14577
"Fabrikam Business Videographer 1/3" 8.5mm M380 Blue",17,14552
"Contoso Washer & Dryer 24in M240 Blue",8,14544
"Adventure Works LCD20W M240 Black",52,14508
"SV Car Video LCD7 M7001 Brown",44,14476
"Proseware High Speed Laser M2000 Green",69,14421
"Contoso Home Theater System 2.1 Channel M1230 Brown",40,14400
"Fabrikam Microwave 2.2CuFt M1250 Black",72,14399.279999999997
"SV Car Video LCD7 M7002 Silver",39,14391
"Fabrikam Refrigerator 19CuFt M7600 Blue",16,14384
"A. Datum SLR Camera M135 Black",46,14352
"Proseware LCD19W M100 Black",80,14320
"SV 16xDVD M300 Black",120,14280
"SV 16xDVD M350 Silver",122,14261.8
"Contoso Coffee Maker 12C M1000 White",32,14240
"Fabrikam Coffee Maker 12C M100 White",32,14240
"Contoso Coffee Maker Auto 10C M1000 Grey",19,14173.810000000001
"The Phone Company Smart phones Unlocked M300 Black",53,14151
"Fabrikam SLR Camera M149 Pink",44,14036
"NT Washer & Dryer 15.5in E1550 Silver",14,13998.599999999999
"SV Car Video LCD7W M7082 Silver",20,13980
"Litware Home Theater System 5.1 Channel M512 Silver",20,13980
"Contoso SLR Camera 35" M358 Silver",39,13962
"Fabrikam Budget Moviemaker 2/3'' 17mm E100 White",34,13940
"Contoso Washer & Dryer 25.5in M255 Pink",7,13923
"Litware Washer & Dryer 25.5in M350 Blue",7,13923
"Adventure Works 13" Color TV E25 Black",116,13918.839999999993
"A. Datum Point Shoot Digital Camera M500 Silver Grey",70,13860
"Adventure Works 13" Color TV E25 Silver",114,13678.859999999999
"The Phone Company Smart phones without camera E100 White",106,13674
"A. Datum SLR Camera X142 Orange",32,13664
"A. Datum Point Shoot Digital Camera M500 Orange",69,13662
"Fabrikam SLR Camera M148 Silver Grey",41,13612
"A. Datum All in One Digital Camera M200 Azure",72,13536
"SV Car Video LCD7W M7080 Black",27,13500
"Proseware Screen 100in M1609 Black",71,13490
"Fabrikam Refrigerator 19CuFt M7600 White",15,13485
"Adventure Works 19" Color Digital TV E35 Silver",94,13479.599999999999
"NT Wireless Bluetooth Stereo Headphones E102 Black",281,13473.950000000004
"SV 16xDVD E340 Silver",136,13464
"A. Datum Bridge Digital Camera M300 Green",72,13456.799999999997
"SV Car Video TFT6.2W E6282 Brown",50,13450
"SV 16xDVD M320 Black",113,13447
"NT Wireless Bluetooth Stereo Headphones E102 Silver",280,13426.000000000004
"Litware Home Theater System 5.1 Channel M510 Silver",21,13419
"Fabrikam SLR Camera M147 Silver",40,13360
"Contoso Projector 720p M620 Silver",19,13281
"Adventure Works LCD20 M210 White",51,13209
"Contoso Macro Zoom Lens X300 Silver",36,13195.8
"Contoso 16GB Mp5 Player M1600 White",66,13193.400000000001
"SV 16xDVD M330 Silver",121,13189
"A. Datum Full Frame Digital Camera X300 Pink",57,13167
"The Phone Company Smart phones without camera E100 Pink",102,13158
"Fabrikam Budget Moviemaker 1/3'' 8.5mm E200 White",32,13152
"Fabrikam SLR Camera 35" M358 Silver Grey",40,13120
"A. Datum SLR Camera M141 Blue",42,13104
"Proseware LCD19W M100 White",73,13067
"WWI Screen 106in M1609 White",52,13052
"WWI Laptop8.9 E0089 White",40,13040
"Contoso Washer & Dryer 15.5in E155 Pink",13,12987
"WWI Projector 480p DLP12 White",26,12974
"SV Car Video LCD7 M7003 Black",35,12915
"SV Car Video TFT6.2W E6282 Silver",48,12912
"Contoso Air conditioner 12000BTU M0640 Grey",28,12879.72
"SV Car Video TFT7 M7000 Brown",43,12857
"WWI Screen 113in M1610 Silver",43,12857
"NT Wireless Bluetooth Stereo Headphones E102 Blue",268,12850.600000000002
"WWI Screen 106in M1609 Black",51,12801
"Adventure Works 20" Analog CRT TV E45 Black",64,12800
"NT Washer & Dryer 21in E2100 White",8,12799.2
"Contoso SLR Camera M143 Silver",42,12768
"Proseware Office Jet Wireless All-in-One Inkjet Printer M600 Black",67,12730
"A. Datum Point Shoot Digital Camera M500 Pink",64,12672
"Fabrikam SLR Camera 35" X358 Pink",29,12649.8
"Fabrikam SLR Camera 35" X358 Silver Grey",29,12649.8
"SV 16xDVD M300 Silver",106,12614
"Fabrikam Refrigerator 4.6CuFt E2800 White",42,12599.58
"Fabrikam Microwave 1.6CuFt M1250 Silver",70,12599.300000000001
"Proseware Screen 100in M1609 Silver",66,12540
"MGS Classic Flight Collection X400",115,12535
"SV Car Video LCD7 M7001 Black",38,12502
"A. Datum Super-zoom Digital Camera X300 Silver",43,12470
"Fabrikam SLR Camera 35" M358 Blue",38,12464
"Contoso Home Theater System 7.1 Channel M1700 White",14,12446
"Litware Home Theater System 5.1 Channel M513 Black",18,12402
"Proseware Color Ink Jet Fax, Copier, Phone M250 Green",78,12402
